Fragment;Tox
O=[N+]([O-])c1ccc(N=N)c(c1)[N+](=O)[O-];1
O=[N+]([O-])c1ccccc1SSC(=CCl);1
SC(=CCl)Cl;1
c1oc(cc1)[N+](=O)[O-];1
c1cc([N+](=O)[O-])sc1;1
[N-]=[N+]=NCCC;1
O=C(ONC(=O)c1ccccc1);1
c1c2cc(ccc2ns1)[N+](=O)[O-];1
n1ccnc2c1cccc2C;1
O=NN(CCCC)CCC;1
O=NN(COCC);1
O=C(OCC1OC1);1
c1cc2cc(ccc2[nH]1)[N+](=O)[O-];1
O=NN(CNC)C;1
O=C1OCC(=C1Cl);1
c1ccc2c(c1)c(ccc2)CBr;1
n1c(OC)c2ccccc2s1;1
O=NN1CCCCC1;1
O=NN(CN)CCC;1
c1cnc2c(nc3ccccn23)c1;1
O(C=CC=CC=CC=CC=CC)C;1
O=[N+]([O-])c1cccc(c1[N+](=O)[O-]);1
c1c(O)cccc1CC2OC2;1
O=CN(O)c1ccc(O)cc1;1
O=Nc1nccn1;1
P(=O)(N)N(C)CC;1
n1ccc(NCCC)c2ccc(cc12);1
O=[N+]([O-])c1ccc2c3ccccc3cc(c2c1);1
O=[N+]([O-])c1ccc(cc1)c2ccc(N)cc2;1
O=C(N)OCc1ccc(cc1)[N+](=O)[O-];1
O=C(OCc1ccc(cc1)[N+](=O)[O-])CC;1
O1C=CC2c3ccc(OC)cc3OC12;1
O=[N+]([O-])c1ccccc1Cc2ccccc2;1
O=C(N(O)c1ccc(cc1)c2ccccc2);1
Nc1ccc(Oc2ccc(cc2)NO)cc1;1
O=[N+]([O-])c1cc(ccc1)N(CC)CC;1
O=C(Nc1ncc([N+](=O)[O-])s1)NCC;1
O=C(OC(C)c1ccc(OC)cc1)C;1
O=[N+]([O-])c1ccc(c(c1)[N+](=O)[O-])[n+]2ccc(cc2);1
N#CC(=CC=Cc1ccccc1)c2ccccc2;1
c1ccc(N=Nc2ncc([N+](=O)[O-])s2)c(c1)C;1
O=[N+]([O-])c1ccc(OCC)c(c1)S(=O)(=O);1
C(C)COc1c(F)c(F)ccc1[N+](=O)[O-];1
[N+]([O-])c1c(ncn1C)c2ccccc2;1
Cc1cccc2c1cccc2[N+](=O)[O-];1
O=S(=O)OCCNCc1ccccc1;1
n1ccc2c3ccccc3[nH]c2c1C;1
O=Nc1ccc(OP(OC)OC)cc1;1
Fc1cc(ccc1N=C(C)CC(C)C);1
C=CC=C(C(=O)C12OC1C(O)(NC2=O)CCO)C;1
Cc1ccc(N=Cc2ccc(OC)cc2)cc1;1
N#CC(C(=O)OCC)c1c2cc(ccc2ns1);1
O=[N+]([O-])c1cc(c2ccc(cc2c1))[N+](=O)[O-];1
Cc1cccc(c1)C(=O)OCCCCCO;1
O=C(OCC1OC(OC)C(O)C1OC(=O))C;1
COc1ccc(cc1)N(CCCl)CCCl;1
Cc1oc(cc1)c2ccc(cc2)[N+](=O)[O-];1
O=C(Nc1c2cc(ccc2ns1)C)C(Cl);1
O=C(OC)C1(OC1(C)C(O)C(C)C)C(=O);1
C(C(=O)OCC)CC(=O)c1ccccc1;1
O=C(NCc1ccc(O)c(OC)c1)C(C);1
O=C(OCCBr)C(O)CC(=O)OCCBr;1
O=S(=O)(OCC1OC1)c2ccc(cc2);1
O=NN(C)CCCCc1cnccc1;1
O=NN(C(=O)c1c(ncn1C)NC)C;1
O=Cc1ccc(cc1[N+](=O)[O-])[N+](=O)[O-];1
O=Cc1ccc(cc1C(=O)N)[N+](=O)[O-];1
O=C(N(O)c1ccc2ccccc2c1);1
O=C(OOC(C)(C)C)c1cccc(c1);1
Nc1nc(cs1)c2cc(cs2)[N+](=O)[O-];1
O=C(Nc1ccc(cc1)C(=O)CCl)C;1
O=C(c1ccc(OC)c(c1)[N+](=O)[O-])C;1
C(NCCc1cc(c(O)c(c1)CO))C;1
n1cc(ccc1)CCl;1
n1ccc2c3ccccc3[nH]c2c1;1
O=[N+]([O-])c1cc[n+]([O-])c(c1);1
n1cc2cccc(N)c2s1;1
n1c(c2cc(N)ccc2s1);1
N(=C)c1ccc(cc1)CC;1
O=C(OCI);1
Nc1nc2ccc(cc2s1)[N+](=O)[O-];1
n1c(csc1N)c2ccc(N)cc2;1
O=C(Nc1ccc(cc1Cl)C)C;1
N=Nc1ccc2ncsc2c1;1
O=CC(c1ccccc1)Cl;1
C(NCCC(=O)N)CCN;1
O=C(c1c(cccc1Cl))Cl;1
O=C(N(C))CCNN;1
O=C(OC)C(F)C(=O);1
SC(=O)NCCCl;1
n1c(csc1)CCl;1
CSCC(O)CCl;1
SC(Cl)(Cl)Cl;1
OC1OC1;1
O=NN(N);1
c2nc3C(=O)C=CC(=O)c3cc2;1
O=Nn1cc(c2ccccc12)CC;1
O=[N+]([O-])c1ccc(c2ccccc2)c(c1);1
O=[N+]c1ccc(N)c(N)c1;1
n1ccnc2c1ccc(N)c2;1
c1ccc2ccc3ccc(cc3c2c1)N;1
O1C=CC2c3ccc(O)cc3OC12;1
O=[N+]([O-])c1cccc2cccc(c12);1
n1cccc2c1ccc3c2ncn3;1
O=[N+]([O-])c1ccc2ccccc2c1;1
N1CC1;1
O=NN(C)C;1
C(Oc1cc(O)ccc1C)C(=C)C;1
c1ccc2c3ccccc3CCc2c1;1
C1=Cc2cccc3cccc1c23;1
c1ccc2c(c1)cc3ccc(cc3c2C);1
c1cc2cccc3c4cc(ccc4c(c1)c23);1
c1c2ccccc2nc3ccccc13;1
[N-]=[N+];1
O=[N+]([O-])c1cc(N)c(c(N)c1);1
NC([N+]);1
N(O)c1ccc(C=C)cc1;1
c1cc2ccc3cccc4ccc(c1)c2c34;1
c1ccc2c(c1)cc3ccc(cc3c2)C;1
Nc1cccc(c1)c2ccccc2;1
c1ccc2c(c1)ccc3c2cc4ccccc4c3;1
O(Cc1cccc2ccccc12)C;1
O=[N+]([O-])c1ccc(cc1)CO;1
c1ccc2c(c1)ccc3cc(ccc23);1
O=CC1(OC1)C;1
c1ccc2c(c1)cc3ccccc3c2;1
O=C1c2ccccc2C(=O)c3c(O)ccc(O)c13;1
Nc1ccc2c(c1)c3ccccc3n2;1
n1cc(nc2ccc3c(ncn3C)c12);1
C1C=Cc2cccc3cccc1c23;1
O=C(c1ccccc1O)c2ccc(OC)cc2;1
O(c1ccccc1)CC2OC2;1
Nc1nccn1C;1
N(=N)NC;1
O=C(c1ccc(cc1)NO);1
n1cc(cc2c1ncn2);1
Nc1ccc(cc1)[N+](=O)[O-];1
O1CC1Cc2ccc(cc2);1
n1cnc2c(ncn2)c1N;1
C1C=Cc2ccccc2C1;1
Nc1ccc2c3ccccc3c4cccc1c24;1
n1c2ccc(N)cc2nc3ccccc13;1
c1ccc2c(c1)c3c(ccc(c3n2)C)C;1
c1cccc2c1ncc3ccccc23;1
n1cccc2c1ccc3c2nc(N)n3;1
O=C(OCc1c2ccccc2cc3ccccc13);1
n1cc(nc2c1c3nc(N)n(c3cc2C)C);1
O=Nc1c(nc2n1ccs2)c3ccc(cc3);1
[N+]([O-])c1ccc(cc1)n3cnc2c(ncnc32)N;1
CC1=CC2CC(C)(C)CC2C3(C)CC13C;1
n1c2ccccc2cc3c1cccc3N;1
c1cc2c3c(cn2)CC4N(C)CC(=CC4c3c1)C;1
Nc1nc2ncc(cc2n1C)c3ccccc3;1
C(OCC12OOC1(c3ccccc3O2)C);1
n1c2ccccc2[n+](c3ccccc13);1
c1ncnc2c1ncn2Cc3ccccc3;1
O=C1c2ccccc2Cc3cc(N)ccc13;1
n1c2ccc(N)cc2[s+]c3ccccc13;1
O=CC(NC(=O)C(NC(=O)C(N))C)C;0
C(NCCOc1ccc(cc1Cl)Cl)C;0
C(=O)Nc1ccc(Oc2ccncc2)cc1;0
O=C1N(N=C(C)C1)c2ccc(c(c2))C;0
N(=CNC1CCCCC1)C2CCCCC2;0
O=C1OC(OC(=O)C1=CC=CC=C)(C)CCC;0
n1cc(cnc1c2ccc(cc2))CCC;0
N#CC(=C1C=CC(=NO)S1)c2ccccc2C;0
O=C1CC(=O)N(C(=S)N1CCCC)CCCC;0
O=C(OCCC(OC(=O)C(C)C)C(C)C);0
O=C1NC(=O)C(=Cc2ccccc2)N1;0
CCc1n[nH]c2cc(nn12)C(C)(C)C;0
C(CC(=C(C(=O)O)CCCO)C)CC;0
FCOc1ccccc1;0
O=C(O)CC(O)CCCC;0
O=C(OC(C)C1CCCCC1);0
[Si](CCCC);0
c1c(F)c(ccc1OCCCC);0
O=C(O)CCC(=O)N;0
O=C(COc1ccc(cc1)Cl);0
Cc1ccc(O)c(c1)Cl;0
C(OCc1ccc(cc1)Cl)C;0
O=C(OC(C))NC(C(=O))C(C);0
O=C(N(CC)CC)CCCC;0
C(NC(CO)C(O))C;0
C(c1ccc(cc1)CC(C)C)C;0
O=S(=O)(NCN);0
C(O)C(CC)(CCC)CC;0
P(O)OCCCO;0
CCC(F)(F)S;0
Nc1nc(nc(n1))NCCO;0
N#Cc1c(F)cccc1;0
CC(C)CCCN(C)C;0
c1ncn[nH]1;0
C(=O)Nc1ccc(cc1C)C;0
Fc1ccc(F)c(c1)CO;0
FCC(CC)C;0
O=CC(CC)S;0
[Si]CCCN;0
O=C(O)c1cccc(c1)CC;0
O=C(O)Cc1ncsc1;0
C(C)CCCc1ccc(cc1)Cl;0
O(c1ccc(cc1)Br)C;0
Fc1c(F)c(ccc1OCC)C;0
CCCN(C(=O)OC(C)(C)C)C;0
O(c1ccccc1)CC(C)(C)C;0
OCC(C)(CO)CCC;0
O=C(c1cccc(c1))N(CC)CC;0
CCCSCCCCCCC;0
O=C(O)CC(N)C(=O);0
n1ccc(cc1)CC;0
[Si](O[Si](C));0
O(C)C(OC)(c1ccccc1);0
O=C1CCC(CC1)CCCCCC;0
NCCCNCCCCCCC;0
O=S(=O)(O)c1cc(ccc1)Cl;0
Cc1cccn1CC;0
n1ccccc1NCCN(C)C;0
C(OC(C)C)CCCOC(C)C;0
O=S(=O)(Nc1ccc(cc1)Cl);0
NCC(O)COCCCC;0
FC(F)c1cnccc1;0
O=CC(NC(=O)C(O));0
O=C1NCSC1;0
C(O)C=CC(=O)OCC;0
Cc1ccc(nc1O);0
CCC(=O)CC(=O)C;0
O=C(NC(c1ccccc1)C)CC;0
C(OCCOCC(=O)O)C;0
N#Cc1cnnc1N;0
c1cnc([nH]1)CCC;0
C(NNCCC)C;0
C(N(OCC)C);0
O=C(O)c1cc(O)cc(O)c1;0
C(Nc1cc(O)ccc1O)C;0
P(C)CCCC;0
CC(F)CCI;0
c1ccc(cc1)N2C(=O)C=CC2=O;0
O=C(O)c1ccc(O)cc1O;0
OC(C(=O)O)c1ccccc1;0
O=C(c1cc(ccc1)Cl)N(C);0
O=CC(c1ccc(cc1)CC);0
CCCOc1ccc(cc1)Cl;0
C(N)Cc1ccc(c(c1)Cl);0
C1c2ccccc2CC1C;0
Oc1ccc(cc1C)S;0
OCc1cncs1;0
C(F)C(F)C=C;0
N=C(NC)NC;0
O(c1ccc(C)cc1)C(C)(C)C;0
O=C(O)NCc1cc(ccc1);0
O=C1c2ccccc2OCC1;0
N#CCc1cccc(O)c1;0
O=C(OC1(C)CCCC1)C;0
O=C(O)c1cc(ccc1)Br;0
OCC1COC(OC1)(C);0
C(N(CCC)CC)SC;0
c1ccc(cc1F)Br;0
Cc1cnn(c1)CC;0
O=C(O)NC(=O)C;0
O(c1ccsc1);0
c1c(nc(n1))Cl;0
O=S(=O)c1cccc2cccnc12;0
CC(c1ccc(O)cc1)C(C)C;0
O=C(c1c(cc(cc1C)C)C);0
c1cc(c(cc1C)S(=O)(=O))C;0
C#Cc1ccc(cc1)CCC;0
O=C(OCCNC(=O))CC;0
C(=C)c1ccc(cc1Cl)Cl;0
NCC1CCCC(C)C1;0
O=C(O)C(F)(F)C(F)(F);0
n1cc(c(nc1O));0
O(C1=CCCCC1);0
C(=C(N)C(C)(C))C;0
N=CCC(O)C;0
c1ccc(cc1)NCC(C)(C)C;0
NC(=O)C(N)c1ccccc1;0
C1OC(CC1)CCCCCC;0
OC(C(F)(F)F)C(F)(F)F;0
O=C(O)c1cccnc1C;0
O=C(O)NC(C(=O))C(C)C;0
c1cc(ccc1C(C)(C))I;0
c1cc(N)c(O)c(c1)S;0
O=CC=CC=CCCC;0
O=C(O)C(C)CCCN;0
O(OC(C)(C))C(C)(C);0
C(OC)C(CC)Br;0
CCCC#CC;0
N#CC(=Cc1ccc(cc1))CO;0
OP(O)Oc1ccc(cc1)C;0
O=C(O)CNCCCCCC;0
C(c1cccnc1)N(C)C;0
FCc1cccc(c1)Cl;0
CCC1CCC(=O)C1C;0
c1c(cc(cc1Br)Br)Br;0
c1[nH]c(c(C(=O)O)c1);0
N#Cc1ncn(c1C);0
n1cnc(c(c1CC));0
C(=NOCC)C(=O)N;0
C(C(F)C(F)Cl)Cl;0
OCC(CC)(CCl);0
OCCOP(O);0
N#CCC=C;0
Cc1ccc(OC(=O))c(OC)c1;0
Cc1cccc(c1)C(=O)OC(=O);0
CNC(C)C(O)c1ccccc1;0
CCN(CN)Cc1ccccc1;0
C(C(C)C)C(C)COCC(=C)C;0
c1cccc(c1)c2nn[nH]n2;0
O=S(=O)(N)c1ccc(O)cc1;0
O=C(O)c1ccc(F)cc1;0
CN(CC(=O)O)CC(=O)O;0
c1cc(ccc1C(C)(C))Br;0
N#Cc1ccccc1O;0
n1c(cc2[nH]c(nn12)C);0
n1cnn(c1)CCCC;0
N=C(Nc1cc(n[nH]1))C;0
O=C(N)CC(C)(C)C;0
O=C(OCC(F))C=C;0
O=C(OCCC[Si]);0
n1[nH]c(cc1)C;0
C=CC(N)(C)C;0
CC(O)C#N;0
O=C(OCCC)c1ccccc1O;0
NS(=O)(=O)c1ccc(cc1)Cl;0
C(O)C1CCC(CN)CC1;0
CNc1cc(ccc1S)Cl;0
N#CCCCCCCCC;0
C(O)c1cnc(cc1)C;0
Cc1ncc(nc1)C;0
c1ncncc1F;0
O=CCC(=N)O;0
N(C)(C)[Si];0
FC(F)(CC(F)(F)C(F)C(F)(F))CC(F);0
Fc1cc(ccc1)c2ccc(cc2)C;0
Oc1cc(ccc1)CCCCCCCC;0
C(C(=O)OCCCCCCCCCCCC)C;0
c1cc(ccc1C)C2CCC(C)CC2;0
O=CC(NC(=O)C)Cc1ccccc1;0
CCC(CCc1ccccc1)CCC;0
c1c(cc(C)cc1C(C)(C)C)C(C)(C)C;0
O=C(Nc1cc(ccc1)S(=O)(=O)O)C;0
O=C(OCC)CC(c1ccc(cc1))C;0
O=C(O)c1ccc(OCCCC)cc1;0
C(C)CC(O)CCCCCCC(O)C;0
c1ccc2c(cccc2S(=O)(=O)O)c1O;0
NCCOCCCCCCCCCC;0
Cc1ccc(cc1)Cc2ccc(N)cc2;0
C(OCCCCCCC=CCCC)C;0
O=C(OCCC)c1ccccc1C(=O);0
c1ccc(c(O)c1)C(c2ccccc2)C;0
N(C)(CCCCCCCC)CCCC;0
Cc1ccc(cc1)c2ccc(cc2)CC;0
Oc1c(c(nn1c2ccccc2)C)C;0
CCOC(C)COC(C)COCCC;0
CC(CCCCC(C)(C))CCC(C)(C)C;0
O=C(NCCN(CC))c1cc(ccc1);0
c1ccc(cc1)C(c2ccccc2)(C)CC;0
O(c1ccc(cc1))Cc2ccc(cc2)C;0
C(Oc1ccc(OCCCCC)cc1);0
c1ccc(cc1)Nc2nc(nc(n2)Cl)Cl;0
C(OCc1ccccc1)C(N)C(C)C;0
NCCCOCCCCCCCCCCCC;0
O=S(=O)(NCCCCCC)c1ccccc1;0
c1cccc(c1)N(CC)CCCCCC;0
C1=CCC(CC1)C2CCC(CC)CC2;0
O=CC(NC(=O)CCCCC)CCC;0
Nc1ccc(cc1)NC(=O)C(O)CC;0
Cc1ccc(Oc2ccc(cc2)C)cc1;0
O=C(OCC(O))CCCCCCCC;0
c1ccccc1OC(CO)CCCC;0
CC(=Nc1ccc(cc1)N(CC)CC);0
NS(=O)(=O)c1cc(N)ccc1N2CCOCC2;0
O=C(Nc1ccccc1)c2ccccc2C;0
O(c1ccc(cc1)C(=C)c2ccccc2);0
O=C(NCC(O))c1cccc(c1)C(=O);0
O=C(O)C(F)OC(F)(F)C(F)OC(F);0
c1c(nc(cc1C)Nc2ccccc2);0
O=C(Nc1ccccc1C)C(N)CC;0
c1nc(nc(n1)c2ccccc2)c3ccccc3;0
c1cc(c(O)c(c1)C(C)(C)C)C(C)(C)C;0
c1ccccc1Nc2nc(O)nc(n2);0
OC(c1ccc(cc1))(Cn2ncnc2);0
FC(F)(F)c1cc(cc(c1)C(F)(F)F);0
C(Cc1ccccc1)CCNCC(C);0
O=C(OCC(CC)CC(C)CC)C(C);0
Oc1ccc(cc1)CCC(c2ccc(O)cc2);0
O(C)CC1CCC(CCCCCCC)CC1;0
O(c1ccccc1)Cc2ccccc2C;0
O=C(OCC)CC(=O)c1ccccc1F;0
O=Cc1ccccc1C(NCC(C)(C));0
C(c1ccsc1N)c2ccccc2Cl;0
n1c2ccccc2c(NCCCC)s1;0
O=C1N(N=C(Nc2cc(N)ccc2Cl)C1);0
c1cnn(c1)c2ccc(cc2)S(=O)(=O);0
O=CCCc1ccc(OC)c(OC)c1;0
O=CC=CC(=O)Nc1ccc(cc1C);0
C(OCC)C(O)CCc1ccccc1;0
C(NCCCCCC)NCCCCC;0
c1ccc(c(c1)NC(=O)CCC(C))Cl;0
CCC(NCCNC(C(=O)O))C(=O)O;0
Oc1ccccc1C(=O)Oc2ccccc2;0
n1ccccc1N(Cc2ccccc2)CC;0
CC(=Cc1ccc(cc1)N(CC)C)C#N;0
O=C(OCC)C(C(C)C)C(COCC);0
C(OCC(C)C)C(C)(C)COCC(C);0
c1ccc(OCCCCCC)c(O)c1;0
C(C(=O)c1ccccc1)C(=O)c2ccccc2;0
O=C(Nc1ccccc1)N(Cc2ccc(cc2));0
c1ccc(cc1)P(c2ccccc2)CCCC;0
O=C(O)CCNCCCCCCCCCCC;0
c1ccc(cc1)C(=O)NC2CCCCC2;0
N(c1ccccc1)c2ccc(cc2C)C;0
O=CC(NC(=O)OC)Cc1ccccc1;0
C(NC(=O)CCC(=O))c1ccccc1;0
C(OC)Cc1ccc(cc1)C(C)(C)C;0
Nc1cccc(c1)N(CCC)CCC;0
c1ccc(cc1N)C(C)(C)CC(C)(C);0
C1CCC(CC1C(C)(C)C)C(C)(C)C;0
O=C(O)c1ccccc1Nc2cccc(c2);0
n1ccccc1C(OC)(c2ccccc2);0
C(Nc1ccccc1)c2cnc(cc2);0
FC(F)(F)c1ccccc1C(C)CC;0
Oc1ccc(cc1)C(=C(c2ccc(O)cc2));0
P(c1ccccc1)c2ccccc2O;0
O=C(c1cc(c(O)cc1)C(C)(C)C)C;0
c1cccc(c1)c2noc(n2)CCC(=O)O;0
C1(=C(C2(C(C)C(C)C1(C2(Cl)Cl)Cl)Cl)Cl)Cl;0
C(c1ccc(cc1))Cc2cnccc2;0
n1c(nc(nc1Oc2ccccc2))O;0
Cc1ccc2cc(ccc2c1)C(=O)N;0
C(NC(=O)C)Cc1ccc(OC)cc1;0
O=C(OC)C(Oc1ccc(O)cc1)C;0
C(N(C(=O)C)c1c(cccc1C)C)C;0
N(CCC)C1CC(NC(C)(C)C1)(C)C;0
n1c2ccccc2sc1SNC(C)(C);0
Oc1nc(nc(n1)n2nc(cc2N)C(C)(C)C);0
n1ccc(cc1)Cn2cc(nc2CO)C(C)C;0
Cc1cc2cc(OCCOC)cc(c2[nH]1)N(C);0
C(C(=O)OC)C(c1ccccc1)CC(=O)OC;0
Fc1ccc2ccc(OCCC)c(F)c2c1F;0
N(=C(c1ccccc1))N=C(c2ccccc2);0
O=C(OC)NC(C(=O)N1CCCC1C(=O))C;0
O=C(OCc1ccccc1)N2CCCCC2;0
O=C(c1ccc(cc1Cl))c2c(nn(c2)C)C;0
O=P(OC(=C)c1ccc(cc1Cl))(OC)OC;0
c1cc(cc2c1N(CC2)CCC)CC(N)C;0
O=C(OCC(CO)(COC(=O)C)CO)C;0
O=C(O)Cc1ccc(c(c1)Br)SC2CC2;0
O=CC1=C(c2c(S(=O)(=O)N1)cccc2)O;0
C(=O)C(=NOCC(=O)O)c1nc(N)sc1;0
N=C(c1ccccc1)Cc2ccccc2;0
O=CC(c1c[nH]c2cccc(F)c12)CC;0
O=C(OC)CCC(CC)CCC(=O)OC;0
c1oc2ccccc2n1CCS(=O)(=O)O;0
C(O)COC1CC(C)CCC1C(C)C;0
OC(CC1OC2OC(OC2C1O)(C)C);0
OC(c1ccc(cc1))Cn2cncc2;0
O=C(Oc1cccc2c1OC(C)(C)C2);0
c1cc(nc2ccc(cc12)C(C)C)C;0
O(c1ccc(c(c1C))CC)CC(OC);0
O=C(OC)CCC(C(=O)OC)C(=O)O;0
O=C(O)CCc1cc(c(O)c(c1)C(C));0
C(OCC)CC(=O)Nc1cccc(c1);0
C(C=Cc1ccccc1)N(CC)CC;0
O=C(O)CCN(CCC(=O)O)CCC;0
N(CCCC)CCc1ccc(O)cc1;0
C(C)CCC=C(C)CCC=C(C)CC;0
Cc1ccc(cc1)C(=NO)CCCC;0
O=S(=O)(O)CCCC[n+]1c2cc(ccc2sc1C);0
n1c(nc(nc1C(Cl)(Cl)Cl))c2ccc(OC)cc2;0
O=P(OCC(F)(F)F)(OCC(F)(F)F)COCC;0
O=C(OCC)Nc1cccc(NC(=O)OCC)c1;0
CC=CCOc1nccc(c1)CN2CCCCC2;0
O=CC(=NO)c1ccc(cc1)S(=O)(=O)C2CC2;0
c1cc(OCCCC)c(N)cc1OCCCC;0
O=C(OC)NS(=O)(=O)c1c(cnn1C)CO;0
O=CCc1ccccc1Oc2ccccc2;0
c1cc(cc(c1)Cl)NCNc2cccc(c2);0
c1ccc(cc1)CC(=O)OCC(=O)N(C)C;0
S(c1nc2ccccn2c1S(=O)(=O)N)CC;0
C=Cc1ccc(C=Cc2ccccc2)cc1;0
C(O)CNCCOc1ccccc1OC;0
NC1CCC(CC1)CC2CCC(N)CC2;0
FC(F)(F)c1nn(cc1)c2ccccc2;0
Cc1cccc(c1)SCCCS(=O)(=O)O;0
c1nc(c(Oc2ccccc2OC)c(n1));0
O=C(OC)c1ccccc1N=CC(C)C;0
O(c1ccccc1)CCOCCOCC;0
O=S(=O)(O)c1cccc(c1)N(C(C))C(C);0
C(OCCN(c1ccccc1)C)CCC;0
C(NC(c1ccccc1))CCCC(O)C;0
C1C=C(C(=O)C(=C1)C(C)(C)C)C(C)(C)C;0
O=C(C)CCc1ccc2ccccc2c1;0
O=C(OCCCCCCOC(=O)C=C)C;0
n1ccn(c1)C(=C)c2ccccc2O;0
C(O)Cc1c2ccccc2n(C)c1C;0
OCC1CCC(c2ccccc2)CC1;0
CC1=C(CC(=O)N(C1=O)CC(=O)O)C;0
O=C(Nc1cccc2c1C(OC2(C)C));0
O=CCCC(=O)Nc1ccc(c(c1)Cl);0
FC(F)(F)COc1ccnc(c1C)C;0
C1C2C(C(C(CCl)(C2(CCl)C)C1(Cl)))Cl;0
O=[N+]([O-])c1cc(cc(c1)C(C))[N+](=O)[O-];0
O=CC(=NOC)C(OCC)(OCC)C;0
C(Nc1nc(nc(n1)Cl)NCC)(C)C;0
O=C(N(CC)C)SCc1ccccc1;0
Nc1cc(ccc1[N+](=O)[O-])SCCC;0
O=CC(CC=CCCCC)CC(=O)O;0
O=C(OC)C(NCc1occc1)CC;0
C1CC2CCC1(CS(=O)(=O)N)C2(C)C;0
O(c1ccc2ccccc2c1)C(O)C;0
O=C(OC(C)C)CCCCOC(C)C;0
O=C(OC(C)C)NCc1cnc(cc1);0
O=C(OC(C)CCC(OC(=O)C)(C))C;0
N(c1c2ccccc2ns1)CC(C)C;0
C(C=Cc1ccc(cc1)N(C)C)C=C;0
OCCN(c1ccc(N=Nc2cnccc2)cc1);0
C(=O)NC(C(=O)c1nnc(o1)C(C)(C)C)C(C)C;0
c1cc(c(F)cc1Cl)c2nn(c(OC(F)F)c2)C;0
Cc1ccc(OCCc2ncc(cc2)CC)cc1;0
O=C(OCC)Cc1ccc(N)c(c1)C(=O)N(C)C;0
n1c(csc1N(CCCC)CC)c2ccccc2;0
O=C(O)C(NC(=O)N(C)Cc1nc(C(C)C)sc1);0
O=C(O)C(NC(=O)c1c(cccc1Cl)Cl)CC=C;0
O=C(O)C=Cc1ccc(cc1)Cn2cncc2;0
O=CC(F)(OC(F)(F)C(F)(F)CI)C(F)(F)F;0
c1ccc(c(c1)C(c2ccc(cc2)Cl)C(Cl)Cl);0
O=C(NCC)C(N=NC(C(=O)NC)(C)C)(C)C;0
O=C(OCCN(CC)CC)Nc1ccccc1;0
c1noc(c1)c2ccc(OCCCCC)cc2;0
O=CC(=CC=CC(=CC=CC=C(C=CC))C)C;0
c1ccc(cc1)[Si](c2ccccc2)(C(C)(C)C);0
O(c1ccc(cc1Br)Br)c2cc(c(cc2Br))Br;0
c1ccccc1C=NC(Cc2ccccc2);0
O=C(n1nc(n2nc(c(c12)S)C(C)(C)C))C;0
O=C(O)c1cccc2cc(cc(C(=O)O)c12);0
O=C(Oc1ccccc1)Oc2ccccc2;0
NN(Cc1ccccc1)Cc2ccccc2;0
O=S(=O)(N)c1cc(ccc1OC)CC(N)C;0
O=C(O)C=Cc1cc(OC)c(O)c(OC)c1;0
O=C(O)c1ccc2c(cccc2c1O)NC;0
c1cc(c(OCCN(C)C)cc1C)C(C)C;0
O(c1cc(c(OCC)c2ccccc12))CC;0
P(Oc1ccc(c(c1)C))(OCC)NC(C)C;0
C(OCCC[Si](OCC)(OCC)OCC)C;0
O=C(OCC)C(C(=O)OCC)(C(=O)OCC);0
O=C(O)c1ccc(cc1[N+](=O)[O-])C(=O)CC;0
O=C(OCCN(C)Cc1ccccc1)C=C;0
OCCN(c1cc(ccc1OC)Cl)CC;0
C(O)CN(CCO)CCN(CCO)CC;0
O=C(OCCCOC(=O)c1ccccc1);0
O=C(O)CC1C(C(=O))CC(C(=O)O)C1C;0
O=CC1=C(O)c2c(ccs2)S(=O)(=O)N1C;0
O=C(N)NC(C(=O))Cc1cccc(O)c1;0
O=C(NC1=NN(C(=O)C1))c2ccccc2;0
C(C(=O)OC(C)(C)C)C(=O)OC(C)(C)C;0
O=C(OCc1ccccc1)C=CC(=O)O;0
O=S(=O)(O)CCCOc1ccc(cc1N);0
O=S(=O)(C(F)(F)C(F)(F)OC(=C(F)F)F);0
CC(F)C(F)(F)C(F)(F)OC(=C(F)F)F;0
Cc1c(nn(c1Oc2ccccc2)C)C;0
Cc1nc(nc(c1)C)Nc2ccccc2;0
OCc1nccc(OCCCOC)c1C;0
O(c1ccc(c(c1))SC)P(=S)(OC)OC;0
O(c1ccc(cc1)P(c2ccccc2))C;0
n1c(OP(OC)OC)c(cc(c1Cl)Cl)Cl;0
C(OCC)CNc1cc(ccc1[N+](=O)[O-]);0
n1ccccc1C(c2ccccc2)CC;0
CC(Nc1ccc(cc1)C(F)(F)F)CC;0
O=C(NC(C)(C)C(C))C(c1ccc(cc1));0
OC1(C)C(=CC2(OCCO2)CC1(C)C)C;0
c1cccc(c1)S(=O)(=O)OCC(C)(C)C;0
C(OCC(C)C)CCCCOCC(C)C;0
O=C(Nc1cccc(NC(=O)C)c1O)C;0
O=C(Nc1cc(ccc1O)C(C)(C)C)C;0
O=C(NCCc1c[nH]c2ccccc12)C;0
O=C(OCCOCCOC(=O)C(=C))C(=C);0
O=C(OC1CC(NC(C)(C)C1)(C)C)C(=C);0
SCCC[Si](OCC)(OCC)OCC;0
O=C(OCC)CNC(=O)CCCCS;0
O(c1cccc(c1)CN2CCCCC2);0
C(O)c1ccc2C=Cc3cccc1c23;0
C(O)CN(CC)CCCN(CCO)C;0
O=C(OCCOCCCCO)C(=C)C;0
C(O)CCC(=O)OC(C)CCNCC;0
O=CC(CNCc1ccccc1)C(O);0
Nc1ccc(cc1)C(O)CNC(C)C;0
O=C(O)Cc1ccc(cc1)NC(=O)C;0
C(NS(=O)(=O)c1ccccc1)C(=O)O;0
O=C(O)CCS(=O)(=O)c1cccc(c1);0
O=C(O)C(OCc1ccc(cc1))(C)C;0
CCC(C(=O)OCC)(C(=O))CCC(=O);0
O=CC1(N2CCCCC2)CCNCC1;0
c1ccc(cc1)C(=O)C2CCCCC2;0
O=C(OC(C)(C)C)Cc1ccccc1;0
O=C(OC(C)(C)C)C1CC2C=CC1C2;0
c1ccccc1c2nc(nc(n2)N)N;0
Cc1cc(ccc1N)N2CCNCC2;0
c1cc(ccc1C(F)(F)F)C(F)(F)F;0
O=C(N(CC(O)c1ccc(cc1)))CCl;0
O=S(=O)(c1ccc(cc1)C)CS(=O)(=O);0
O=C(NCCNC(=O)CSC)CSC;0
O=Cc1cc(OC)c(OC)cc1OC;0
O=P(OCC(C)(C))(OCC(C)(C))OC;0
n1cccc(c1)COCCCCOC;0
O(CC=C)CC1CCC(COC)CC1;0
O=C(O)c1c(cccc1C(=O)OC)N;0
O=C(OC)NNc1ccccc1OC;0
O=C(OCc1ccccc1)C(=O)OC;0
C(NC1CC(O)(CO)C(O)C(O)C1O);0
N(C)(C)CCCN(CCCN(C)C)C;0
Cc1ccc(cc1)c2nnc(n2)C(C);0
O=C(N)CCc1cc(OCC)c(cc1);0
C1(c2ccc(OCC)cc2)CC1(Cl)Cl;0
c1ccc(cc1)NCNCC(OCC);0
O=C(OCCOCC)CCCOCC;0
O=C(NNC(C))c1ccc(cc1)CC;0
CCCSCc1nc(N=C(N)N)sc1;0
O=C(Oc1ccccc1)OCCC(C);0
O=C(OCCC(C))C(=O)OCCC(C);0
O=C(O)CCCCCNCCCCC;0
C(NCC)CNCCCCCCCC;0
O=S(=O)OCCCCCCCCCC;0
CC(=O)NC(C(=O)O)CCCCCC;0
O=C(c1ccc(cc1)C(F)(F)F)C(C);0
c1ccccc1O[Si](C)(C)C(C)(C)C;0
O=C(c1cc(c2ccccc2)sc1)C;0
c1cccc2c(O)c(ccc12)C(=O)C;0
O=C(OCc1ccccc1[N+](=O)[O-])C;0
O=C(OCc1cccc(c1)[N+](=O)[O-])C;0
CC(c1ccc(cc1)CC=C(C)C)C;0
c1(nc2c(o1)cccc2)c3ccccc3;0
c12c(cc(cc2)O)ccc(S)c1;0
CC(NCCNCCC)C;0
CCOc1ccc(Cl)cc1;0
CC(=CN)C(=O)OCC;0
c1ccc(cc1F)C2CCC(CCC)CC2;0
C(=NNC(=O)C)C;0
C(NC(C(=O))C)C(NC);0
c1c(c(C(C)(C)C)cc(c1)C);0
P(O)OCCCCC;0
CC(=O)OCC(CC)CCCC;0
N=C(C(=O)c1ccccc1);0
CCNC(=S)N;0
OCc1ccccc1NCC(C);0
OCc1ccc2cc(O)ccc2c1;0
C(=O)(O)CCCCCCCC;0
CCCCCCCCCCCC;0
C(NCCN=C)C;0
c1ccccc1C(=CS);0
C(O)CCCCCCCC=CCC;0
c1(c(C(=O)O)cccc1)C(=O);0
O=C(NC)C(=O);0
c1(CCCCCC)ccccc1;0
NC(=O)c1ccc(OCC)cc1;0
O=Cc1ccc(cc1)C(=O)N;0
CC(=CC=C)C(=O)O;0
N(C)(CCCC)CCCC;0
C1(C(CCC(C1)C)C)O;0
C(=O)(CCC(=O)O);0
PC;0
CN(c1ccc(C)c(c1)C)C;0
c1c(c(cc(c1Cl)Cl)Cl);0
C(=O)(C(=C)C)OCCCCC;0
CCOCCOCCOCCO;0
O=Cc1cnc(nc1);0
O=C1NC=NC=C1;0
C(=O)(C(CCC(=O)O))O;0
CCCCCCC;0
O(c1ccccc1)CC(CNC(C))O;0
c1(F)ccc(cc1)C;0
c1(c(c(cc(c1)))O)c2c(c(cc(c2)))O;0
C(F)(F)C;0
n1c(nc(nc1));0
n1cc(cnc1)CC;0
c1(C(=O)OC)c(N)cccc1;0
CC(CC)CCC;0
N(CCO)(CCCC)C;0
C(C=C)(CCC=C);0
O(C(=O))C(=O);0
NC1CC1;0
c1cc(c(c(c1)Br)O);0
CCCC(C)C;0
c1c(C(F)(F)F)cccc1;0
C(C(OC)(C)C);0
C(=O)CS;0
c1cc(c(cc1)Cl)Cl;0
C=NCCCCCC;0
P(=S)(OCC)OC;0
c1cc(c(cc1C)Cc2cc(cc(c2O))C);0
S(=O)(=O)(N)c1ccc(N)cc1;0
c1(C(=O)OCC)ccccc1;0
N(c1ccccc1)c2ccccc2;0
SCCCC;0
C(=O)CCCCC;0
C(=O)(c1ccccc1)OC;0
N(c1ccccc1)CCCNC;0
S(=O)(=O)(c1cc(c(cc1))N)O;0
O=C(O)C(=C)C(=O)c1cc(F)ccc1;0
c1(c(Cl)cccc1)C;0
C(=O)(N(c1ccccc1))N;0
C(=O)(O)Cc1ccccc1;0
OCCN(C)C;0
C(=S)(N);0
O=C(Nc1ccc(cc1)N(CC)C(C));0
O=C(n1cncc1);0
CC#N;0
C(=C(CC)C)C=O;0
CN1CN=CC=C1;0
[N+](C)(C)C;0
OC(=O)C(=C)C;0
Nc1ccc2C=CCOc2c1;0
C(=O)CC(=O)C;0
[nH]1cc(c2c1cccc2)CC;0
CNc1ccc(F)cc1F;0
c1c(c(ccc1C(O)CNC)O);0
C(=O)(CC(C))OCC;0
C(=O)N(C)CCC;0
n1c2ccccc2c3cc(ccc13)C(=O)CC;0
Cc1c(nc2ccccc2c1)C3CC3;0
n1c2ccccc2[nH]c1Cc3ccc(cc3);0
Fc1ccc(cc1Cc3cc2ccccc2s3);0
n1c(nc(c2c1c(cs2)C)N3CCOCC3);0
C(=C1SCC(c2ccccc2Cl)S1)n3cncc3;0
c1ccc(cc1)Cc3c2cc(ccc2n(c3C));0
n1nc2n(N=C(CS2))c1c3cccc(c3);0
C(OCC1CCC2OC2C1)C;1
C(O)C=Cc1cccc(c1)N;1
N(CC1OC1)C;1
O=CC(C)(C)CC(=O);1
C(C(=O)Cl)(C)C;1
O=C(OC1CNCC1);1
C(OCCCl)CCC;1
c1ccc(cc1)CBr;1
O=C(OOC);1
C(N(C)CCCl)C;1
Nc3ccc(cc3)SCCCCCC;1
Nc1cccc2cccnc12;1
O=Nc1c(ncn1C);1
CC(=C(C))CCl;1
O=COC(C)Cl;1
O=C1C=CC(=O)c2ccccc12;1
CCOC(=O)CCCl;1
O=C(OC(C)Cl);1
O=C(OCC)CCCl;1
c1cc2oc3cc(c(cc3nc2cc1));1
c1cccc2cc3ccccc3oc12;1
O=[N+]([O-])C(=Cc1ccccc1);1
n1ccccc1CCl;1
c1c(nn(c1N)C)C;1
C(O)c1c(ccs1)S(=O)(=O)NCC(=O)OC;1
C(N)Cc1cccc2ccccc12;1
O=Nc1cnn(c1C)C;1
O=C(C(O))C(OCC);1
O=S(=O)(F)C;1
O=C(OC)CBr;1
CSCCCl;1
C(CSC)Cl;1
N(=N)c1ccc(N)c(c1)C;1
O(CCC)CC1OC1;1
CCCOCC1OC1;1
O=S(OCC)c1ccccc1;1
C=CCBr;1
Nc1ccccc1c2ccccc2;1
C(C)C(Cl)Cl;1
n1ncc2c1cccc2;1
c1nnc(cc1)NN;1
c1cc2ccccc2c3cccnc13;1
c1cccc2c1ccc3ncccc23;1
O(C)CC1OC1;1
COCC1OC1;1
O=S(=O)(OCCC(C))c1ccc(cc1);1
COS(=O)(=O)C;1
COc1ccc(N)cc1N;1
ONc1ccc(cc1)S;1
[N+]c1c(cc(cc1C)C);1
O=S(=O)(OC)C;1
O(c1ccc(N)cc1N)C;1
[N+]c1ccc(cc1C)C;1
O=C(NCCN)c1ccccc1;1
c1ccc2c(c1)ccc3c2c(c(n3));1
[N+]c1ccccc1OC;1
O=[N+]([O-])c1ccc(c(c1))Cl;1
C(=O)CCCl;1
c1cccc(C=Cc2ccc(N)cc2)c1;1
c1ccc(cc1)C=Cc2ccc(N)cc2;1
OCC(CBr);1
C(=CBr);1
C(=C)Br;1
O=CNNc1ccc(cc1);1
OOC(c1ccccc1)(C);1
O=CNNc1ccccc1;1
OOCC;1
c1cc2cccnc2c3ccccc13;1
c1cc2ccccc2c3ncccc13;1
OCCBr;1
OCCCCCl;1
c1[nH]cnc1c2ccccc2;1
O=C(c1ccccc1O)c2ccccc2O;1
Nc1cc(ccc1N)C;1
O=[N+]([O-])c1ccc(nc1);1
O=C(c1cc(O)ccc1N);1
C(Br)(Br)Br;1
c1cc(N)ccc1c2ccc(N)cc2;1
Nc1ccc(cc1)c2ccc(N)cc2;1
O=CC(Cl)Cl;1
NCCCCl;1
O=CC(=C)Cl;1
O=CNC(CC)CC;1
O=C(c1cccc(OC)c1)c2cc(ccc2);1
O1CC1;1
C1OC1;1
O=Nc1ccc(OC)cc1;1
O=C1c2ccccc2C(=O)c3c(O)cccc13;1
O=C1c2cccc(O)c2C(=O)c3ccccc13;1
c1ccc(cc1)NCCCl;1
c1cc(ccc1NCCCl);1
C(CCl)CCl;1
C(c1ccccc1C)Cl;1
O=Nc1ccc(cc1)CC;1
O=[N+]([O-])c1cccc(c1)CO;1
C1(c2ccccc2c3ccccc13)C;1
n1c2occc2c(OC)c3ccccc13;1
c1ccc2c(c1)c3cc(ccc3C2C);1
Nc1ccc(cc1)c2ccccc2;1
Nc1ccc(cc1)c2ccc(cc2);1
OCCCCl;1
CS(=O)(=O)Cl;1
O=S(=O)(C)Cl;1
CCCBr;1
O=S(=O)(OCC)O;1
O=S(=O)(O)OCC;1
c1ccc(Oc2ccc(N)cc2)cc1;1
O(c1ccc(N)cc1)c2ccccc2;1
Nc1ccc(N)cc1N;1
O=CC=C(Cl);1
C(C)(CCl)Cl;1
C(=CCCl);1
C=C(CCl);1
O(C(C)CCl);1
Nc1cc(ccc1C)C;1
Nc1cc(c(cc1C))C;1
NNc1ccccc1;1
c1ccccc1NN;1
O=[N+]([O-])c1cccc(N)c1;1
O=C1c2ccccc2C(=O)c3c(N)cccc13;1
O=C1c2ccccc2C(=O)c3c(cccc13)N;1
CBr;1
CC(C)Br;1
C(C)(C)Br;1
O=C(NCO)NC;1
CC(Cl)Cl;1
Nc1cccc(N)c1C;1
Nc1ccc(cc1C)C;1
O=Nc1ccccc1;1
Nc1cc(c(cc1C)C);1
ONc1ccc(c(c1))C;1
[N+](=C);1
ONc1cc(cc(c1)C);1
ONc1cccc(c1)C;1
Nc1cc(N)ccc1;1
c1cc(N)cc(N)c1;1
[N+]c1ccccc1;1
O=N;1
O(c1ccc(N)cc1)C;1
Cc1cccc2cccnc12;1
O=C(c1ccccc1)Cl;1
O=C(c1cccn1);1
COCCCl;1
CC(C)Cl;1
C(C)(C)Cl;1
NCCCl;1
NCCl;1
C(N)Cl;1
OCCCl;1
N(=Nc1ccc(N)cc1)c2ccccc2;1
O=CCCc1c(cc(cc1C));1
NOCCC;1
n1c(cc(N)s1);1
CCl;1
c1ccc2ncccc2c1;1
c1ccc(cc1)CCl;1
c1cccc(c1)CCl;1
C(=CC)Cl;1
C(=C)Cl;1
NCCNCCNCCN;1
CCI;1
O=C(NN)C;1
O=C(C)NN;1
C(OCC)C(=O)C;1
P(O)(OC)OC;1
NO;1
CCOCCCl;1
c1cccc2c(O)c(ccc12)C(=O);1
Nc2ccc(cc2)N(C)C;1
Nc1ccc(cc1)N(C)C;1
Nc1cccc(c1)C;1
Cc1nc2ccccc2cc1;1
S(=O)(=O)Cl;1
NN;1
c1ccc(N)cc1OC;1
C(=O)Cl;1
C(N)Cc1ccc(O)c(O)c1;1
N(Cc1ccccc1)CCN(C);1
CCNN;1
Nc1cnccc1;1
c1ccc(N)cc1;1
c1cc(N)ccc1C;1
c1cccc2cnccc12;1
c1c2ccccc2ccn1;1
c1ccc(cc1)S(=O)(=O)Cl;1
C1OCC1;1
SCCl;1
Nc1ncccc1;1
c1cc(occ1);1
N(=Nc1ccc(cc1C))c2ccccc2;1
N=N;1
C=CC=CCC;1
Oc1cc(N)ccc1;1
c1ccc(cc1)NC=C;1
C=CNc1ccccc1;1
c1cc(c(cc1)Cc2ccc(cc2))C;1
n1cc(nc2ccccc12);1
c1c(N)c(n(n1))C;1
O=C(C=CC);1
Nc1ccc(cc1S);1
Oc1ccc(cc1N);1
c1cnc(N)s1;1
c1ccc(cc1N)Cl;1
O=C(NO);1
c1cccc2ccccc12;1
CC(=N)C;1
Nc1ccc(cc1)CC;1
Nc1c(cccc1CC);1
Nc1cccc2ccccc12;1
c1ccc2c(O)cccc2c1;1
C#C;1
O=CC(=O);1