968-81-0;CC(=O)c1ccc(cc1)[S](=O)(=O)NC(=O)NC2CCCCC2;
75-05-8;CC#N;
107-02-8;C=CC=O;
628-94-4;NC(=O)CCCCC(N)=O;
116-06-3;CNC(=O)O\N=C\C(C)(C)SC;
10043-67-1;[Al+3].[K+].[O-][S]([O-])(=O)=O.[O-][S]([O-])(=O)=O;
7177-48-2;O.O.O.CC1(C)S[C@@H]2[C@H](NC(=O)[C@H](N)c3ccccc3)C(=O)N2[C@H]1C(O)=O;
101-05-3;Clc1nc(Cl)nc(Nc2ccccc2Cl)n1;
20265-97-8;[H+].[Cl-].COc1ccc(N)cc1;
118-92-3;Nc1ccccc1C(O)=O;
8003-03-0;CCOc1ccc(NC(C)=O)cc1.Cn2cnc3N(C)C(=O)N(C)C(=O)c23.CC(=O)Oc4ccccc4C(O)=O;
86-50-0;CO[P](=S)(OC)SCN1N=Nc2ccccc2C1=O;
10326-27-9;O.O.[Cl-].[Cl-].[Ba++];
532-32-1;[Na+].[O-]C(=O)c1ccccc1;
119-53-9;OC(c1ccccc1)C(=O)c2ccccc2;
95-14-7;[nH]1nc2ccccc2n1;
100-51-6;OCc1ccccc1;
13510-49-1;[Be++].[O-][S]([O-])(=O)=O;
74-83-9;CBr;
109-69-3;CCCCCl;
592-31-4;CCCCNC(N)=O;
96-48-0;O=C1CCCO1;
58-08-2;Cn1cnc2N(C)C(=O)N(C)C(=O)c12;
105-60-2;O=C1CCCCCN1;
77-65-6;CCC(Br)(CC)C(=O)NC(N)=O;
532-27-4;ClCC(=O)c1ccccc1;
140-49-8;CC(=O)Nc1ccc(cc1)C(=O)CCl;
106-47-8;Nc1ccc(Cl)cc1;
75-45-6;FC(F)Cl;
999-81-5;[Cl-].C[N+](C)(C)CCCl;
6959-47-3;[H+].[Cl-].ClCc1ccccn1;
95-74-9;Cc1ccc(N)cc1Cl;
113-92-8;C[NH+](C)CCC(c1ccc(Cl)cc1)c2ccccn2.OC(=O)\C=C/C([O-])=O;
94-20-2;CCCNC(=O)N[S](=O)(=O)c1ccc(Cl)cc1;
1936-15-8;[Na+].[Na+].[O-][S](=O)(=O)c1cc2C=CC(=O)\C(=N/Nc3ccccc3)c2c(c1)[S]([O-])(=O)=O;
3567-69-9;[Na+].[Na+].[O-][S](=O)(=O)c1ccc(N\N=C\2C=C(c3ccccc3C2=O)[S]([O-])(=O)=O)c4ccccc14;
6471-49-4;COc1ccc(cc1N\N=C2\C(=O)C(=Cc3ccccc23)C(=O)Nc4cccc(c4)[N+]([O-])=O)[N+]([O-])=O;
6358-85-6;CC(=O)C(N=Nc1ccc(cc1Cl)c2ccc(N=NC(C(C)=O)C(=O)Nc3ccccc3)c(Cl)c2)C(=O)Nc4ccccc4;
76-57-3;COc1ccc2C[C@@H]3[C@@H]4C=C[C@H](O)[C@@H]5Oc1c2[C@]45CCN3C;
56-72-4;CCO[P](=S)(OCC)Oc1ccc2C(=C(Cl)C(=O)Oc2c1)C;
156-62-7;[Ca++].NC#N;
108-94-1;O=C1CCCCC1;
4998-76-9;[Cl-].[NH3+]C1CCCCC1;
52918-63-5;CC1(C)[C@@H](C=C(Br)Br)[C@H]1C(=O)O[C@H](C#N)c2cccc(Oc3ccccc3)c2;
131-17-9;C=CCOC(=O)c1ccccc1C(=O)OCC=C;
7336-20-1;[Na+].[Na+].Nc1ccc(\C=C\c2ccc(N)cc2[S]([O-])(=O)=O)c(c1)[S]([O-])(=O)=O;
15481-70-6;[H+].[H+].[Cl-].[Cl-].Cc1c(N)cccc1N;
6369-59-1;Cc1cc(N)ccc1N.O[S](O)(=O)=O;
333-41-5;CCO[P](=S)(OCC)Oc1cc(C)nc(n1)C(C)C;
262-12-4;O1c2ccccc2Oc3ccccc13;
95-50-1;Clc1ccccc1Cl;
33857-26-0;Clc1ccc2Oc3cc(Cl)ccc3Oc2c1;
75-71-8;FC(F)(Cl)Cl;
75-34-3;CC(Cl)Cl;
1212-29-9;S=C(NC1CCCCC1)NC2CCCCC2;
13366-73-9;ClC1C2(Cl)C3C4C5OC5C6C4C1(Cl)C(Cl)(C36)C2(Cl)Cl;
60-51-5;CNC(=O)CS[P](=S)(OC)OC;
828-00-2;CC1CC(OC(C)O1)OC(C)=O;
54150-69-5;[H+].[Cl-].COc1ccc(N)c(OC)c1;
68-12-2;CN(C)C=O;
120-61-6;COC(=O)c1ccc(cc1)C(=O)OC;
78-34-2;CCO[P](=S)(OCC)SC1OCCOC1S[P](=S)(OCC)OCC;
147-24-0;[H+].[Cl-].CN(C)CCOC(c1ccccc1)c2ccccc2;
74-31-7;N(c1ccccc1)c2ccc(Nc3ccccc3)cc2;
142-46-1;NC(=S)NNC(N)=S;
150-38-9;O.O.O.[Na+].[Na+].[Na+].OC(=O)CN(CCN(CC([O-])=O)CC([O-])=O)CC([O-])=O;
72-20-8;ClC1=C(Cl)C2(Cl)C3C4CC(C5OC45)C3C1(Cl)C2(Cl)Cl;
134-72-5;CN[C@@H](C)[C@H](O)c1ccccc1.CN[C@@H](C)[C@H](O)c2ccccc2.O[S](O)(=O)=O;
6381-77-7;[Na+].O[C@H](C[O-])[C@H]1OC(=C(O)C1=O)O;
643-22-1;CCCCCCCCCCCCCCCCCC([O-])=O.CC[C@H]1OC(=O)[C@H](C)[C@@H](O[C@H]2C[C@@](C)(OC)[C@@H](O)[C@H](C)O2)[C@H](C)[C@@H](O[C@@H]3O[C@H](C)C[C@@H]([C@H]3O)[NH+](C)C)[C@](C)(O)C[C@@H](C)C(=O)[C@H](C)[C@@H](O)[C@]1(C)O;
72-56-0;CCc1ccc(cc1)C(C(Cl)Cl)c2ccc(CC)cc2;
20941-65-5;[Te+4].CCN(CC)C([S-])=S.CCN(CC)C([S-])=S.CCN(CC)C([S-])=S.CCN(CC)C([S-])=S;
41340-25-4;CCc1cccc2c3CCOC(CC)(CC(O)=O)c3[nH]c12;
97-53-0;COc1cc(CC=C)ccc1O;
2353-45-9;[Na+].[Na+].CCN(Cc1cccc(c1)[S]([O-])(=O)=O)c2ccc(cc2)[C+](c3ccc(cc3)N(CC)Cc4cccc(c4)[S]([O-])(=O)=O)c5ccc(O)cc5[S]([O-])(=O)=O;
16423-68-0;[Na+].[Na+].[O-]C(=O)c1ccccc1C2=C3C=C(I)C(=O)C(=C3Oc4c(I)c([O-])c(I)cc24)I;
1934-21-0;[Na+].[Na+].[Na+].[O-]C(=O)C1=NN(c2ccc(cc2)[S]([O-])(=O)=O)C(=O)C1N=Nc3ccc(cc3)[S]([O-])(=O)=O;
2783-94-0;[Na+].[Na+].[O-][S](=O)(=O)c1ccc(N\N=C2\C(=O)C=Cc3cc(ccc23)[S]([O-])(=O)=O)cc1;
140-56-7;[Na+].CN(C)c1ccc(cc1)N=N[S]([O-])(=O)=O;
51630-58-1;CC(C)C(C(=O)OC(C#N)c1cccc(Oc2ccccc2)c1)c3ccc(Cl)cc3;
2164-17-2;CN(C)C(=O)Nc1cccc(c1)C(F)(F)F;
7681-49-4;[F-].[Na+];
9000-30-0;None;
05/01/9000;None;
33229-34-4;OCCNc1ccc(cc1[N+]([O-])=O)N(CCO)CCO;
59820-43-8;OCCNc1ccc(cc1OCCO)[N+]([O-])=O;
77-47-4;ClC1=C(Cl)C(Cl)(Cl)C(=C1Cl)Cl;
70-30-4;Oc1c(Cl)cc(Cl)c(Cl)c1Cc2c(O)c(Cl)cc(Cl)c2Cl;
100-97-0;C1N2CN3CN1CN(C2)C3;
136-77-6;CCCCCCc1ccc(O)cc1O;
58-93-5;N[S](=O)(=O)c1cc2c(NCN[S]2(=O)=O)cc1Cl;
148-24-3;Oc1cccc2cccnc12;
75-47-8;IC(I)I;
101-21-3;CC(C)OC(=O)Nc1cccc(Cl)c1;
80-05-7;CC(C)(c1ccc(O)cc1)c2ccc(O)cc2;
19010-66-3;[Pb++].CN(C)C([S-])=S.CN(C)C([S-])=S;
434-13-9;C[C@H](CCC(O)=O)[C@H]1CC[C@H]2[C@@H]3CC[C@@H]4C[C@H](O)CC[C@]4(C)[C@H]3CC[C@]12C;
9000-40-2;None;
1634-78-2;CCOC(=O)CC(S[P](=O)(OC)OC)C(=O)OCC;
121-75-5;CCOC(=O)CC(S[P](=S)(OC)OC)C(=O)OCC;
123-33-1;O=C1NNC(=O)C=C1;
10034-96-5;O.[Mn++].[O-][S]([O-])(=O)=O;
69-65-8;OCC(O)C(O)C(O)C(O)CO;
59-05-2;CN(Cc1cnc2nc(N)nc(N)c2n1)c3ccc(cc3)C(=O)N[C@@H](CCC(O)=O)C(O)=O;
72-43-5;COc1ccc(cc1)C(c2ccc(OC)cc2)C(Cl)(Cl)Cl;
41372-08-1;O.O.O.C[C@](N)(Cc1ccc(O)c(O)c1)C(O)=O.C[C@](N)(Cc2ccc(O)c(O)c2)C(O)=O;
80-62-6;COC(=O)C(C)=C;
298-00-0;CO[P](=S)(OC)Oc1ccc(cc1)[N+]([O-])=O;
79-11-8;OC(=O)CCl;
1465-25-4;[H+].[H+].[Cl-].[Cl-].NCCNc1cccc2ccccc12;
10101-97-0;O.O.O.O.O.O.[Ni++].[O-][S]([O-])(=O)=O;
100-01-6;Nc1ccc(cc1)[N+]([O-])=O;
619-17-0;Nc1cc(ccc1C(O)=O)[N+]([O-])=O;
121-19-7;Oc1ccc(cc1[N+]([O-])=O)[As](O)(O)=O;
86-57-7;[O-][N+](=O)c1cccc2ccccc12;
99-56-9;Nc1ccc(cc1N)[N+]([O-])=O;
504-88-1;OC(=O)CC[N+]([O-])=O;
73590-58-6;COc1ccc2nc([nH]c2c1)[S](=O)Cc3ncc(C)c(OC)c3C;
11042-64-1;COc1cc(\C=C\C(=O)O[C@H]2CC[C@]34C[C@]35CC[C@]6(C)[C@H](CC[C@@]6(C)[C@@H]5CC[C@H]4C2(C)C)[C@H](C)CCC=C(C)C)ccc1O;
23135-22-0;CNC(=O)O\N=C(SC)\C(=O)N(C)C;
6452-73-9;[H+].[Cl-].CC(C)NCC(O)COc1ccccc1OCC=C;
2058-46-0;[Cl-].CN(C)[C@H]1[C@@H]2[C@@H](O)[C@H]3C(=C(O)c4c(O)cccc4[C@@]3(C)O)C(=O)[C@]2(O)C(=O)\C(=C(N)/O)C1=O.[H+];
56-38-2;CCO[P](=S)(OCC)Oc1ccc(cc1)[N+]([O-])=O;
132-98-9;[K+].CC1(C)S[C@@H]2[C@H](NC(=O)COc3ccccc3)C(=O)N2[C@H]1C([O-])=O;
78-11-5;[O-][N+](=O)OCC(CO[N+]([O-])=O)(CO[N+]([O-])=O)CO[N+]([O-])=O;
834-28-6;[H+].[Cl-].NC(N)=NC(N)=NCCc1ccccc1;
108-95-2;Oc1ccccc1;
624-18-0;[H+].[H+].[Cl-].[Cl-].Nc1ccc(N)cc1;
61-76-7;[H+].[Cl-].CNCC(O)c1cccc(O)c1;
89-25-8;CC1=NN(C(=O)C1)c2ccccc2;
135-88-6;N(c1ccccc1)c2ccc3ccccc3c2;
2198-59-6;[H+].[Cl-].Nc1ccc(Nc2ccccc2)cc1;
103-85-5;NC(=S)Nc1ccccc1;
88-96-0;NC(=O)c1ccccc1C(N)=O;
85-44-9;O=C1OC(=O)c2ccccc12;
01/02/1918;None;
9005-65-6;CCCCCCCC/C=C/CCCCCCCC(=O)OCCOCC(OCCO)C1OC(CC1OCCO)OCCO;
58-33-3;[H+].[Cl-].CC(CN1c2ccccc2Sc3ccccc13)N(C)C;
115-07-1;CC=C;
121-79-9;CCCOC(=O)c1cc(O)c(O)c(O)c1;
108-46-3;Oc1cccc(O)c1;
989-38-8;[H+].[Cl-].CCNc1cc2OC3=CC(=NCC)C(=CC3=C(c2cc1C)c4ccccc4C(=O)OCC)C;
83-79-4;COc1cc2OC[C@H]3Oc4c5C[C@@H](Oc5ccc4C(=O)[C@H]3c2cc1OC)C(C)=C;
7758-19-2;[Na+].[O-][Cl]=O;
148-18-5;[Na+].CCN(CC)C([S-])=S;
7681-52-9;[Na+].[O-]Cl;
110-44-1;C/C=C/C=C/C(O)=O;
127-69-5;Cc1noc(N[S](=O)(=O)c2ccc(N)cc2)c1C;
77-79-2;O=[S]1(=O)CC=CC1;
39300-88-4;None;
2438-88-2;COc1c(Cl)c(Cl)c(c(Cl)c1Cl)[N+]([O-])=O;
64-75-5;[Cl-].CN(C)[C@H]1[C@@H]2C[C@H]3C(=C(O)c4c(O)cccc4[C@@]3(C)O)C(=O)[C@]2(O)C(=O)\C(=C(N)/O)C1=O.[H+];
97-77-8;CCN(CC)C(=S)SSC(=S)N(CC)CC;
03/08/1972;None;
124-64-1;[Cl-].OC[P+](CO)(CO)CO;
55566-30-8;OC[P+](CO)(CO)CO.OC[P+](CO)(CO)CO.[O-][S]([O-])(=O)=O;
137-26-8;CN(C)C(=S)SSC(=S)N(C)C;
96-69-5;Cc1cc(O)c(cc1Sc2cc(c(O)cc2C)C(C)(C)C)C(C)(C)C;
7772-99-8;[Cl-].[Cl-].[Sn++];
64-77-7;CCCCNC(=O)N[S](=O)(=O)c1ccc(C)cc1;
71-55-6;CC(Cl)(Cl)Cl;
75-69-4;FC(Cl)(Cl)Cl;
93-76-5;OC(=O)COc1cc(Cl)c(Cl)cc1Cl;
1330-78-5;Cc1ccc(O[P](=O)(Oc2ccc(C)cc2)Oc3ccc(C)cc3)cc1;
76-87-9;O|[Sn](c1ccccc1)(c2ccccc2)c3ccccc3;
6138-79-0;[H+].O.[Cl-].Cc1ccc(cc1)\C(=C/CN2CCCC2)c3ccccn3;
73-22-3;NC(Cc1c[nH]c2ccccc12)C(O)=O;
8024-37-1;COc1cc(\C=C\C(=O)CC(=O)\C=C\c2ccc(O)c(OC)c2)ccc1O;
57-13-6;NC(N)=O;
25013-15-4;Cc1cccc(C=C)c1;
75-07-0;CC=O;
16568-02-8;C\C=N\N(C)C=O;
60-35-5;CC(N)=O;
103-90-2;CC(=O)Nc1ccc(O)cc1;
127-06-0;CC(C)=NO;
6098-44-8;CC(=O)ON(C(C)=O)c1ccc2c(Cc3ccccc23)c1;
34627-78-6;CC(=O)OC(C=C)c1ccc2OCOc2c1;
53-96-3;CC(=O)Nc1ccc2c(Cc3ccccc23)c1;
114-83-0;CC(=O)NNc1ccccc1;
107-13-1;C=CC#N;
50-76-0;CC(C)C1NC(=O)C(NC(=O)c2ccc(C)c3OC4=C(C)C(=O)C(=C(C(=O)NC5C(C)OC(=O)C(C(C)C)N(C)C(=O)CN(C)C(=O)C6CCCN6C(=O)C(NC5=O)C(C)C)C4=Nc23)N)C(C)OC(=O)C(C(C)C)N(C)C(=O)CN(C)C(=O)C7CCCN7C1=O;
29611-03-8;COc1cc2O[C@H]3OC=C[C@H]3c2c4OC(=O)C5=C(CC[C@@H]5O)c14;
1162-65-8;COc1cc2OC3OC=CC3c2c4OC(=O)C5=C(CCC5=O)c14;
309-00-2;ClC1=C(Cl)C2(Cl)C3C4CC(C=C4)C3C1(Cl)C2(Cl)Cl;
106-92-3;C=CCOCC1CO1;
2835-39-4;CC(C)CC(=O)OCC=C;
613-13-8;Nc1ccc2cc3ccccc3cc2c1;
117-79-3;Nc1ccc2C(=O)c3ccccc3C(=O)c2c1;
60-09-3;Nc1ccc(cc1)N=Nc2ccccc2;
92-67-1;Nc1ccc(cc1)c2ccccc2;
2113-61-3;[Cl-].[NH3+]c1ccc(cc1)c2ccccc2;
81-49-2;Nc1c(Br)cc(Br)c2C(=O)c3ccccc3C(=O)c12;
77094-11-2;Cn1c(N)nc2c3cccnc3cc(C)c12;
77500-04-0;Cn1c(N)nc2c1ccc3ncc(C)nc23;
68808-54-8;CC(O)=O.Cc1nc(N)c(C)c2[nH]c3ccccc3c12;
67730-10-3;Nc1ccc2nc3ccccn3c2n1;
17026-81-2;CCOc1ccc(NC(C)=O)cc1N;
6109-97-3;[H+].[Cl-].CCn1c2ccccc2c3cc(N)ccc13;
Mixture;None;
153-78-6;Nc1ccc2c(Cc3ccccc23)c1;
67730-11-4;Cc1cccn2c1nc3ccc(N)nc23;
76180-96-6;[H+].[Br-].Cn1c(N)nc2c1ccc3ncccc23;
-;None;
-;None;
72254-58-1;CC(O)=O.Cc1nc(N)cc2[nH]c3ccccc3c12;
38514-71-5;Nc1scc(n1)c2oc(cc2)[N+]([O-])=O;
99-57-0;Nc1cc(ccc1O)[N+]([O-])=O;
121-88-0;Nc1ccc(cc1O)[N+]([O-])=O;
119-34-6;Nc1ccc(O)c(c1)[N+]([O-])=O;
121-66-4;Nc1sc(cn1)[N+]([O-])=O;
26148-68-5;Nc1ccc2c([nH]c3ccccc23)n1;
61-82-5;Nc1[nH]ncn1;
2432-99-7;NCCCCCCCCCCC(O)=O;
142-04-1;[H+].[Cl-].Nc1ccccc1;
134-29-2;[H+].[Cl-].COc1ccccc1N;
313-67-7;COc1cccc2c1cc(c3c(cc4OCOc4c23)C(O)=O)[N+]([O-])=O;
27323-18-8;Clc1ccccc1c2ccccc2;
12001-29-5;O.[Mg++].[Mg++].[Mg++].O[Si]([O-])([O-])[O-].O[Si]([O-])([O-])[O-];
1912-24-9;CCNc1nc(Cl)nc(NC(C)C)n1;
2465-27-2;[H+].[Cl-].CN(C)c1ccc(cc1)C(=N)c2ccc(cc2)N(C)C;
320-67-2;NC1=NC(=O)N(C=N1)[C@@H]2O[C@H](CO)[C@@H](O)[C@H]2O;
115-02-6;NC(COC(=O)C=[N+]=[N-])C(O)=O;
446-86-6;Cn1cnc(c1Sc2ncnc3nc[nH]c23)[N+]([O-])=O;
103-33-3;c1ccc(cc1)N=Nc2ccccc2;
25843-45-2;C[N-][N+](C)=O;
88133-11-3;CCOCCc1c2ncnn2c(N)nc1c3ccccc3;
17804-35-2;CCCCNC(=O)n1c(NC(=O)OC)nc2ccccc12;
100-52-7;O=Cc1ccccc1;
56-55-3;c1ccc2cc3c(ccc4ccccc34)cc2c1;
71-43-2;c1ccccc1;
92-87-5;Nc1ccc(cc1)c2ccc(N)cc2;
531-85-1;[H+].[H+].[Cl-].[Cl-].Nc1ccc(cc1)c2ccc(N)cc2;
271-89-6;o1ccc2ccccc12;
50-32-8;c1ccc2c(c1)cc3ccc4cccc5ccc2c3c45;
106-51-4;O=C1C=CC(=O)C=C1;
98-07-7;ClC(Cl)(Cl)c1ccccc1;
140-11-4;CC(=O)OCc1ccccc1;
100-44-7;ClCc1ccccc1;
120-32-1;Oc1ccc(Cl)cc1Cc2ccccc2;
2185-92-4;[H+].[Cl-].Nc1ccccc1c2ccccc2;
3296-90-0;OCC(CO)(CBr)CBr;
108-60-1;CC(CCl)OC(C)CCl;
111-44-4;ClCCOCCCl;
36711-31-6;[Mg++].OCC(Br)CBr.O[P]([O-])([O-])=O;
90-94-8;CN(C)c1ccc(cc1)C(=O)c2ccc(cc2)N(C)C;
02/01/7758;None;
75-27-4;ClC(Cl)Br;
74-96-4;CCBr;
540-51-2;OCCBr;
16238-56-5;Cc1c2ccccc2c(CBr)c3ccc4ccccc4c13;
106-99-0;C=CC=C;
75-65-0;CC(C)(C)O;
25013-16-5;COc1ccc(O)c(c1)C(C)(C)C;
128-37-0;Cc1cc(c(O)c(c1)C(C)(C)C)C(C)(C)C;
85-68-7;CCCCOC(=O)c1ccccc1C(=O)OCc2ccccc2;
06/11/3817;None;
869-01-2;CCCCN(N=O)C(N)=O;
3068-88-0;CC1CC(=O)O1;
10108-64-2;[Cl-].[Cl-].[Cd++];
10124-36-4;[Cd++].[O-][S]([O-])(=O)=O;
331-39-5;OC(=O)\C=C/c1ccc(O)c(O)c1;
13765-19-0;[Ca++].[O-][Cr]([O-])(=O)=O;
404-86-4;COc1cc(CNC(=O)CCCC\C=C\C(C)C)ccc1O;
01/06/2425;None;
133-06-2;ClC(Cl)(Cl)SN1C(=O)C2CC=CCC2C1=O;
563-41-7;[H+].[Cl-].NNC(N)=O;
63-25-2;CNC(=O)Oc1cccc2ccccc12;
86-74-8;[nH]1c2ccccc2c3ccccc13;
56-23-5;ClC(Cl)(Cl)Cl;
60391-92-6;NC(=O)N(CC(O)=O)N=O;
120-80-9;Oc1ccccc1O;
302-17-0;OC(O)C(Cl)(Cl)Cl;
133-90-4;Nc1cc(Cl)cc(C(O)=O)c1Cl;
305-03-3;OC(=O)CCCc1ccc(cc1)N(CCCl)CCCl;
12789-03-6 ;ClC1CC2C(C1Cl)C3(Cl)C(=C(Cl)C2(Cl)C3(Cl)Cl)Cl;
57-74-9;ClC1CC2C(C1Cl)C3(Cl)C(=C(Cl)C2(Cl)C3(Cl)Cl)Cl;
115-28-6;OC(=O)C1C(C(O)=O)C2(Cl)C(=C(Cl)C1(Cl)C2(Cl)Cl)Cl;
108171-26-2;CCC(Cl)C(Cl)C(Cl)CC(Cl)C(Cl)C(C)Cl;
63449-39-8;CCCC(Cl)CCCC(Cl)CCC(Cl)CCC(Cl)CCC(Cl)CCCC(Cl)CCC;
494-03-1;ClCCN(CCCl)c1ccc2ccccc2c1;
107-20-0;ClCC=O;
20265-96-7;[H+].[Cl-].Nc1ccc(Cl)cc1;
108-90-7;Clc1ccccc1;
510-15-6;CCOC(=O)C(O)(c1ccc(Cl)cc1)c2ccc(Cl)cc2;
124-48-1;ClC(Br)Br;
75-00-3;CCCl;
67-66-3;ClC(Cl)Cl;
107-30-2;COCCl;
563-47-3;CC(=C)CCl;
6959-48-4;[H+].[Cl-].ClCc1cccnc1;
88-73-3;[O-][N+](=O)c1ccccc1Cl;
100-00-5;[O-][N+](=O)c1ccc(Cl)cc1;
150-68-5;CN(C)C(=O)Nc1ccc(Cl)cc1;
5131-60-2;Nc1ccc(Cl)c(N)c1;
95-83-0;Nc1ccc(Cl)cc1N;
1897-45-6;Clc1c(Cl)c(C#N)c(Cl)c(C#N)c1Cl;
95-79-4;Cc1ccc(Cl)cc1N;
3165-93-3;[H+].[Cl-].Cc1cc(Cl)ccc1N;
75-88-7;FC(F)(F)CCl;
54749-90-5;OCC1OC(O)C(NC(=O)N(CCCl)N=O)C(O)C1O;
69-09-0;[H+].[Cl-].CN(C)CCCN1c2ccccc2Sc3ccc(Cl)cc13;
81-55-0;Oc1ccc(c2C(=O)c3c(ccc(O)c3C(=O)c12)[N+]([O-])=O)[N+]([O-])=O;
6373-74-6;[Na+].[O-][N+](=O)c1ccc(Nc2ccc(Nc3ccccc3)c(c2)[S]([O-])(=O)=O)c(c1)[N+]([O-])=O;
6459-94-5;[Na+].[Na+].Cc1ccc(cc1)[S](=O)(=O)Oc2ccc(cc2)N=Nc3ccc(cc3C)c4ccc(N\N=C5\C(=O)C=Cc6cc(cc(c56)[S]([O-])(=O)=O)[S]([O-])(=O)=O)c(C)c4;
569-61-9;[H+].[Cl-].Nc1ccc(cc1)C(c2ccc(N)cc2)=C3C=CC(=N)C=C3;
1937-37-7;None;
72-57-1;[Na+].[Na+].[Na+].[Na+].Cc1cc(ccc1N\N=C/2C(=O)c3c(N)cc(cc3C=C2[S]([O-])(=O)=O)[S]([O-])(=O)=O)c4ccc(N\N=C/5C(=O)c6c(N)cc(cc6C=C5[S]([O-])(=O)=O)[S]([O-])(=O)=O)c(C)c4;
28407-37-6;[Na+].[Na+].[Na+].[Na+].[Cu]|1|Oc2cc(ccc2N\N=C\3C(=O|1)c4c(N)cc(cc4C=C3[S]([O-])(=O)=O)[S]([O-])(=O)=O)c5ccc6N\N=C\7C(=O|[Cu]|Oc6c5)c8c(N)cc(cc8C=C7[S]([O-])(=O)=O)[S]([O-])(=O)=O;
2475-45-8;Nc1ccc(N)c2C(=O)c3c(N)ccc(N)c3C(=O)c12;
82-28-0;Cc1ccc2C(=O)c3ccccc3C(=O)c2c1N;
2832-40-8;CC(=O)Nc1ccc(N\N=C\2C=C(C)C=CC2=O)cc1;
87-29-6;Nc1ccccc1C(=O)OC\C=C\c2ccccc2;
2425-85-6;Cc1ccc(N\N=C2/C(=O)C=Cc3ccccc23)c(c1)[N+]([O-])=O;
97-56-3;Cc1ccccc1N=Nc2ccc(N)c(C)c2;
842-07-9;O=C\1C=Cc2ccccc2C1=N/Nc3ccccc3;
518-75-2;C[C@H]1OC=C2C(=O)C(=C(O)O)C(=O)C(=C2[C@@H]1C)C;
128-66-5;O=C1c2ccccc2c3ccc4C(=O)c5ccccc5c6ccc1c3c46;
637-07-0;CCOC(=O)C(C)(C)Oc1ccc(Cl)cc1;
10026-24-1;O.O.O.O.O.O.O.[Co++].[O-][S]([O-])(=O)=O;
91-64-5;O=C1Oc2ccccc2C=C1;
102-50-1;COc1ccc(N)c(C)c1;
120-71-8;COc1ccc(C)cc1N;
123-73-9;C/C=C/C=O;
135-20-6;N.ON(N=O)c1ccccc1;
27208-37-3;c1cc2ccc3ccc4C=Cc5cc(c1)c2c3c45;
6055-19-2;O.ClCCN(CCCl)[P]1(=O)NCCCO1;
59865-13-3;CCC1NC(=O)C(C(O)C(C)C\C=C\C)N(C)C(=O)C(C(C)C)N(C)C(=O)C(CC(C)C)N(C)C(=O)C(CC(C)C)N(C)C(=O)C(C)NC(=O)C(C)NC(=O)C(CC(C)C)N(C)C(=O)C(NC(=O)C(CC(C)C)N(C)C(=O)CN(C)C1=O)C(C)C;
21739-91-3;[Na+].COc1ccc(cc1)C(=O)\C(Br)=C/C([O-])=O;
01/02/5160;None;
8003-22-3;O=C1C(c2ccc3ccccc3n2)C(=O)c4ccccc14;
72-54-8;ClC(Cl)C(c1ccc(Cl)cc1)c2ccc(Cl)cc2;
72-55-9;Clc1ccc(cc1)C(=C(Cl)Cl)c2ccc(Cl)cc2;
50-29-3;Clc1ccc(cc1)C(c2ccc(Cl)cc2)C(Cl)(Cl)Cl;
04/03/4342;None;
1596-84-5;CN(C)NC(=O)CCC(O)=O;
117-10-2;Oc1cccc2C(=O)c3cccc(O)c3C(=O)c12;
80-08-0;Nc1ccc(cc1)[S](=O)(=O)c2ccc(N)cc2;
1163-19-5;Brc1c(Br)c(Br)c(Oc2c(Br)c(Br)c(Br)c(Br)c2Br)c(Br)c1Br;
53-43-0;C[C@]12CC[C@H]3[C@@H](CC=C4C[C@@H](O)CC[C@]34C)[C@@H]1CCC2=O;
2303-16-4;CC(C)N(C(C)C)C(=O)SC\C(Cl)=C\Cl;
16338-97-9;C=CCN(CC=C)N=O;
39156-41-7;COc1ccc(N)cc1N.O[S](O)(=O)=O;
720-69-4;Nc1nc(N)nc(n1)c2oc(cc2)[N+]([O-])=O;
137-09-7;[H+].[H+].[Cl-].[Cl-].Nc1ccc(O)c(N)c1;
95-80-7;Cc1ccc(N)cc1N;
636-23-7;[H+].[H+].[Cl-].[Cl-].Cc1ccc(N)cc1N;
439-14-5;CN1C(=O)CN=C(c2ccccc2)c3cc(Cl)ccc13;
53-70-3;c1ccc2c(c1)ccc3cc4c(ccc5ccccc45)cc23;
96-12-8;ClCC(Br)CBr;
10318-26-0;OC(CBr)C(O)C(O)C(O)CBr;
106-93-4;BrCCBr;
488-41-5;OC(CBr)C(O)C(O)C(O)CBr;
56654-52-5;CCCCNC(=O)N(CCCC)N=O;
79-43-6;OC(=O)C(Cl)Cl;
106-46-7;Clc1ccc(Cl)cc1;
91-94-1;Nc1ccc(cc1Cl)c2ccc(N)c(Cl)c2;
110-57-6;ClC/C=C/CCl;
107-06-2;ClCCCl;
75-09-2;ClCCl;
609-20-1;Nc1cc(Cl)c(N)c(Cl)c1;
78-87-5;CC(Cl)CCl;
542-75-6;ClC\C=C/Cl;
62-73-7;CO[P](=O)(OC)OC=C(Cl)Cl;
115-32-2;OC(c1ccc(Cl)cc1)(c2ccc(Cl)cc2)C(Cl)(Cl)Cl;
60-57-1;ClC1=C(Cl)C2(Cl)C3C4CC(C5OC45)C3C1(Cl)C2(Cl)Cl;
111-42-2;OCCNCCO;
111-46-6;OCCOCCO;
103-23-1;CCCCC(CC)COC(=O)CCCCC(=O)OCC(CC)CCCC;
117-81-7;CCCCC(CC)COC(=O)c1ccccc1C(=O)OCC(CC)CCCC;
56-53-1;CC\C(c1ccc(O)cc1)=C(\CC)c2ccc(O)cc2;
130-80-3;CCC(=O)Oc1ccc(cc1)C(/CC)=C(\CC)c2ccc(OC(=O)CC)cc2;
105-55-5;CCNC(=S)NCC;
101-90-6;C1OC1COc2cccc(OCC3CO3)c2;
119-84-6;O=C1CCc2ccccc2O1;
33389-33-2;[O-][N+](=O)c1sc(cc1)C2NC(=O)c3ccccc3N2;
94-58-6;CCCc1ccc2OCOc2c1;
147-47-7;CC1=CC(C)(C)Nc2ccccc12;
828-00-2;CC1CC(OC(C)O1)OC(C)=O;
91-93-0;COc1cc(ccc1N=C=O)c2ccc(N=C=O)c(OC)c2;
20325-40-0;[H+].[H+].[Cl-].[Cl-].COc1cc(ccc1N)c2ccc(N)c(OC)c2;
60-11-7;CN(C)c1ccc(cc1)N=Nc2ccccc2;
55738-54-0;CN(C)C=Nc1oc(\C=C\c2oc(cc2)[N+]([O-])=O)nn1;
121-69-7;CN(C)c1ccccc1;
57-97-6;Cc1c2ccccc2c(C)c3c4ccccc4ccc13;
119-93-7;Cc1cc(ccc1N)c2ccc(N)c(C)c2;
612-82-8;[H+].[H+].[Cl-].[Cl-].Cc1cc(ccc1N)c2ccc(N)c(C)c2;
79-44-7;CN(C)C(Cl)=O;
57-14-7;CN(C)N;
306-37-6;[H+].[H+].[Cl-].[Cl-].CNNC;
26049-69-4;CN(C)Nc1scc(n1)c2oc(cc2)[N+]([O-])=O;
868-85-9;CO[P+](=O)OC;
756-79-6;CO[P](C)(=O)OC;
597-25-1;CO[P](=O)(OC)N1CCOCC1;
4164-28-7;CN(C)[N+]([O-])=O;
551-92-8;Cn1c(C)ncc1[N+]([O-])=O;
513-37-1;CC(C)=CCl;
55557-00-1;O=NN1CCCN(CC1)N=O;
140-79-4;O=NN1CCN(CC1)N=O;
121-14-2;Cc1ccc(cc1[N+]([O-])=O)[N+]([O-])=O;
606-20-2;Cc1c(cccc1[N+]([O-])=O)[N+]([O-])=O;
25321-14-6;Cc1ccc(cc1[N+]([O-])=O)[N+]([O-])=O;
123-91-1;C1COCCO1;
57-41-0;O=C1NC(=O)C(N1)(c2ccccc2)c3ccccc3;
562-10-7;CN(C)CCOC(C)(c1ccccc1)c2ccccn2.OC(=O)CCC(O)=O;
106-89-8;ClCC1CO1;
106-88-7;CCC1CO1;
50-28-2;C[C@]12CC[C@H]3[C@@H](CCc4cc(O)ccc34)[C@@H]1CC[C@@H]2O;
140-67-0;COc1ccc(CC=C)cc1;
57-63-6;C[C@]12CC[C@H]3[C@@H](CCc4cc(O)ccc34)[C@@H]1CC[C@@]2(O)C#C;
536-33-4;CCc1cc(ccn1)C(N)=S;
13073-35-3;CCSCC[C@H](N)C(O)=O;
67-21-0;CCSCCC(N)C(O)=O;
938-73-8;CCOc1ccccc1C(N)=O;
140-88-5;CCOC(=O)C=C;
64-17-5;CCO;
100-41-4;CCc1ccccc1;
111-76-2;CCCCOCCO;
151-56-4;C1CN1;
75-21-8;C1CO1;
62-50-0;CCO[S](C)(=O)=O;
63885-23-4;CCN=C(N)N(N=O)[N+]([O-])=O;
38434-77-4;CCN(N=O)C#N;
759-73-9;CCN(N=O)C(N)=O;
5141-20-8;[Na+].[Na+].CCN(Cc1cccc(c1)[S]([O-])(=O)=O)c2ccc(cc2)[C+](c3ccc(cc3)N(CC)Cc4cccc(c4)[S]([O-])(=O)=O)c5ccc(cc5)[S]([O-])(=O)=O;
08/09/3564;None;
915-67-3;[Na+].[Na+].[Na+].[O-][S](=O)(=O)c1ccc2c(c1)C=C(C(=O)/C2=N/Nc3ccc(c4ccccc34)[S]([O-])(=O)=O)[S]([O-])(=O)=O;
4548-53-2;[Na+].[Na+].Cc1cc(C)c(cc1N\N=C\2C=C(c3ccccc3C2=O)[S]([O-])(=O)=O)[S]([O-])(=O)=O;
1694-09-3;[Na+].CCN(Cc1cccc(c1)[S]([O-])(=O)=O)c2ccc(cc2)[C+](c3ccc(cc3)N(C)C)c4ccc(cc4)N(CC)Cc5cccc(c5)[S]([O-])(=O)=O;
51-21-8;FC1=CNC(=O)NC1=O;
93957-54-1;CC(C)n1c2ccccc2c(c3ccc(F)cc3)c1\C=C\[C@@H](O)C[C@H](O)CC(O)=O;
50-00-0;C=O;
3570-75-0;[O-][N+](=O)c1oc(cc1)c2csc(NNC=O)n2;
39148-24-8;[Al+3].CCO[P](=O)=O.CCO[P](=O)=O.CCO[P](=O)=O;
116355-83-0;CCCC[C@H](C)[C@@H](OC(=O)C[C@H](CC(O)=O)C(O)=O)[C@@H](C[C@H](C)C[C@@H](O)CCCC[C@@H](O)C[C@H](O)[C@H](C)N)OC(=O)C[C@H](CC(O)=O)C(O)=O;
110-00-9;o1cccc1;
98-00-0;OCc1occc1;
54-31-9;N[S](=O)(=O)c1cc(C(O)=O)c(NCc2occc2)cc1Cl;
3688-53-7;NC(=O)C(=C/c1oc(cc1)[N+]([O-])=O)\c2occc2;
1303-00-0;[Ga]#[As];
765-34-4;O=CC1CO1;
556-52-5;OCC1CO1;
126-07-8;COC1CC(=O)C[C@@H](C)[C@]12Oc3c(Cl)c(OC)cc(OC)c3C2=O;
2784-94-3;CNc1ccc(cc1[N+]([O-])=O)N(CCO)CCO;
517-28-2;Oc1cc2C[C@]3(O)COc4c(O)c(O)ccc4[C@@H]3c2cc1O;
76-44-8;ClC1C=CC2C1C3(Cl)C(=C(Cl)C2(Cl)C3(Cl)Cl)Cl;
118-74-1;Clc1c(Cl)c(Cl)c(Cl)c(Cl)c1Cl;
87-68-3;ClC(Cl)=C(Cl)C(Cl)=C(Cl)Cl;
319-85-7;ClC1C(Cl)C(Cl)C(Cl)C(Cl)C1Cl;
58-89-9;ClC1C(Cl)C(Cl)C(Cl)C(Cl)C1Cl;
67-72-1;ClC(Cl)(Cl)C(Cl)(Cl)Cl;
531-18-0;OCN(CO)c1nc(nc(n1)N(CO)CO)N(CO)CO;
628-02-4;CCCCCC(N)=O;
18774-85-1;CCCCCCN(N=O)C(N)=O;
302-01-2;NN;
10034-93-2;NN.O[S](O)(=O)=O;
122-66-7;N(Nc1ccccc1)c2ccccc2;
7722-84-1;OO;
123-31-9;Oc1ccc(O)cc1;
53-95-2;CC(=O)N(O)c1ccc2c(Cc3ccccc23)c1;
4637-56-3;O\N=C\1C=CN(O)c2ccccc12;
51410-44-7;COc1ccc(cc1)C(O)C=C;
33389-36-5;OCCNc1nc(nc2ccccc12)c3sc(cc3)[N+]([O-])=O;
03/03/5036;None;
13743-07-2;NC(=O)N(CCO)N=O;
109-84-2;NNCCO;
5208-87-7;OC(C=C)c1ccc2OCOc2c1;
146-59-8;[H+].[H+].[Cl-].[Cl-].CCN(CCCl)CCCNc1c2ccc(Cl)cc2nc3ccc(OC)cc13;
100643-96-7;CC1(C)C(=O)Nc2ccc(cc12)C3=NNC(=O)CC3;
5634-39-9;CC(I)C1OCC(CO)O1;
542-56-3;CC(C)CON=O;
86315-52-8;[H+].[Cl-].COc1cc(ccc1c2[nH]c3cnccc3n2)[S](C)=O;
54-85-3;NNC(=O)c1ccncc1;
78-59-1;CC1=CC(=O)CC(C)(C)C1;
3778-73-2;ClCCN[P]1(=O)OCCCN1CCCl;
78-79-5;CC(=C)C=C;
143-50-0;ClC1(Cl)C2(Cl)C3(Cl)C4(Cl)C(=O)C5(Cl)C3(Cl)C1(Cl)C5(Cl)C24Cl;
303-34-4;CO[C@H](C)[C@](O)(C(=O)OCC1=CCN2CC[C@H](OC(=O)C(/C)=C\C)[C@@H]12)C(C)(C)O;
301-04-2;[Pb++].CC([O-])=O.CC([O-])=O;
5989-27-5;CC(=C)[C@@H]1CCC(=CC1)C;
21884-44-6;Cc1cc(O)c2C(=C3C(=O)C4C(O)C5C6C(O)C(C(=O)C7=C(O)c8c(O)cc(C)c(O)c8C(=O)C467)C35C(=O)c2c1O)O;
24382-04-5;[Na+].O=C[CH-]C=O;
-;None;
108-78-1;Nc1nc(N)nc(N)n1;
148-82-3;NC(Cc1ccc(cc1)N(CCCl)CCCl)C(O)=O;
149-30-4;S=C1Nc2ccccc2S1;
7487-94-7;[Cl-].[Cl-].[Hg++];
115-09-3;C[Hg]Cl;
950-37-8;COC1=NN(CS[P](=S)(OC)OC)C(=O)S1;
60-56-0;CN1C=CNC1=S;
3544-23-8;COc1cc(ccc1N)N=Nc2ccccc2;
150-76-5;COc1ccc(O)cc1;
298-81-7;COc1c2occc2cc3C=CC(=O)Oc13;
592-62-1;CC(=O)OC[N-][N+](C)=O;
98-85-1;CC(O)c1ccccc1;
1634-04-4;COC(C)(C)C;
598-55-0;COC(N)=O;
452-86-8;Cc1ccc(O)c(O)c1;
56-49-5;Cc1ccc2cc3c(ccc4ccccc34)c5CCc1c25;
55-80-1;CN(C)c1ccc(cc1)N=Nc2cccc(C)c2;
101-14-4;Nc1ccc(Cc2ccc(N)c(Cl)c2)cc1Cl;
64049-29-2;[Cl-].Nc1ccc(Cc2ccc([NH3+])c(Cl)c2)cc1Cl;
101-61-1;CN(C)c1ccc(Cc2ccc(cc2)N(C)C)cc1;
838-88-0;Cc1cc(Cc2ccc(N)c(C)c2)ccc1N;
13552-44-8;[H+].[H+].[Cl-].[Cl-].Nc1ccc(Cc2ccc(N)cc2)cc1;
93-15-2;COc1ccc(CC=C)cc1OC;
60-34-4;CNN;
74-88-4;CI;
66-27-3;CO[S](C)(=O)=O;
129-15-7;Cc1ccc2C(=O)c3ccccc3C(=O)c2c1[N+]([O-])=O;
21638-36-8;CC1CN(\N=C\c2oc(cc2)[N+]([O-])=O)C(=O)N1;
70-25-7;CN(N=O)C(/N)=N/[N+]([O-])=O;
63412-06-6;CN(N=O)C(=O)c1ccccc1;
33868-17-6;CN(N=O)C#N;
924-42-5;OCNC(=O)C=C;
298-59-9;[H+].[Cl-].COC(=O)C(C1CCCCN1)c2ccccc2;
443-48-1;Cc1ncc(n1CCO)[N+]([O-])=O;
2385-85-5;ClC1(Cl)C2(Cl)C3(Cl)C4(Cl)C(Cl)(Cl)C5(Cl)C3(Cl)C1(Cl)C5(Cl)C24Cl;
50-07-7;CO[C@@]12[C@H](COC(N)=O)C3=C(N1C[C@@H]4N[C@H]24)C(=O)C(=C(N)C3=O)C;
1313-27-5;O=[Mo](=O)=O;
315-22-0;C[C@H]1C(=O)O[C@@H]2CCN3CC=C(COC(=O)[C@](C)(O)[C@]1(C)O)[C@H]23;
58139-48-3;[O-][N+](=O)c1sc(cc1)c2nc3ccccc3c(n2)N4CCOCC4;
3771-19-5;CC(C)(Oc1ccc(cc1)C2CCCc3ccccc23)C(O)=O;
91-20-3;c1ccc2ccccc2c1;
2243-62-1;Nc1cccc2c(N)cccc12;
91-59-8;Nc1ccc2ccccc2c1;
139-94-6;CCNC(=O)Nc1sc(cn1)[N+]([O-])=O;
139-13-9;OC(=O)CN(CC(O)=O)CC(O)=O;
18662-53-8;O.[Na+].[Na+].[Na+].[O-]C(=O)CN(CC([O-])=O)CC([O-])=O;
7632-00-0;[Na+].[O-]N=O;
602-87-9;[O-][N+](=O)c1ccc2CCc3cccc1c23;
1777-84-0;CCOc1ccc(NC(C)=O)cc1[N+]([O-])=O;
99-59-2;COc1ccc(cc1N)[N+]([O-])=O;
91-23-6;COc1ccccc1[N+]([O-])=O;
98-95-3;[O-][N+](=O)c1ccccc1;
94-52-0;[O-][N+](=O)c1ccc2nc[nH]c2c1;
62-23-7;OC(=O)c1ccc(cc1)[N+]([O-])=O;
92-93-3;[O-][N+](=O)c1ccc(cc1)c2ccccc2;
1836-75-5;[O-][N+](=O)c1ccc(Oc2ccc(Cl)cc2Cl)cc1;
59-87-0;NC(=O)N/N=C/c1oc(cc1)[N+]([O-])=O;
67-20-9;[O-][N+](=O)c1oc(cc1)/C=N/N2CC(=O)NC2=O;
36133-88-7;CC(=O)NCc1onc(n1)c2oc(cc2)[N+]([O-])=O;
2578-75-8;CC(=O)Nc1sc(nn1)c2oc(cc2)[N+]([O-])=O;
53757-28-1;[O-][N+](=O)c1oc(cc1)c2cscn2;
531-82-8;CC(=O)Nc1scc(n1)c2oc(cc2)[N+]([O-])=O;
24554-26-5;[O-][N+](=O)c1oc(cc1)c2csc(NC=O)n2;
51325-35-0;CC(=O)Nc1nc(NC(C)=O)nc(n1)c2oc(cc2)[N+]([O-])=O;
51-75-2;CN(CCCl)CCCl;
75-52-5;C[N+]([O-])=O;
5307-14-2;Nc1ccc(N)c(c1)[N+]([O-])=O;
5522-43-0;[O-][N+](=O)c1ccc2ccc3cccc4ccc1c2c34;
607-35-2;[O-][N+](=O)c1cccc2cccnc12;
56-57-5;[O-][N+](=O)c1cc[n+]([O-])c2ccccc12;
38777-13-8;CC(C)Oc1ccccc1OC(=O)N(C)N=O;
924-16-3;CCCCN(CCCC)N=O;
1116-54-7;OCCN(CCO)N=O;
55-18-5;CCN(CC)N=O;
16813-36-8;O=NN1CCC(=O)NC1=O;
89911-79-5;CC(O)CN(CC(O)CO)N=O;
62-75-9;CN(C)N=O;
61034-40-0;CC1CN(CC(C)N1C(=O)c2ccccc2)N=O;
86-30-6;O=NN(c1ccccc1)c2ccccc2;
156-10-5;O=Nc1ccc(Nc2ccccc2)cc1;
621-64-7;CCCN(CCC)N=O;
40580-89-0;O=NN1CCCCCCCCCCCC1;
10595-95-6;CCN(C)N=O;
614-95-9;CCOC(=O)N(CC)N=O;
20917-49-1;O=NN1CCCCCCC1;
932-83-2;O=NN1CCCCCC1;
42579-28-2;O=NN1CC(=O)NC1=O;
56222-35-6;OC1CCN(C1)N=O;
16219-98-0;CN(N=O)c1ccccn1;
55090-44-3;CCCCCCCCCCCCN(C)N=O;
684-93-5;CN(N=O)C(N)=O;
59-89-2;O=NN1CCOCC1;
5632-47-3;O=NN1CCNCC1;
100-75-4;O=NN1CCCCC1;
930-55-2;O=NN1CCCC1;
55556-92-8;O=NN1CCC=CC1;
26541-51-5;O=NN1CCSCC1;
99-55-8;Cc1ccc(cc1N)[N+]([O-])=O;
303-47-9;C[C@@H]1Cc2c(Cl)cc(c(O)c2C(=O)O1)C(=O)N[C@@H](Cc3ccccc3)C(O)=O;
604-75-1;OC1N=C(c2ccccc2)c3cc(Cl)ccc3NC1=O;
14698-29-4;CCN1C=C(C(O)=O)C(=O)c2cc3OCOc3cc12;
101-80-4;Nc1ccc(Oc2ccc(N)cc2)cc1;
434-07-1;C[C@]1(O)CC[C@H]2[C@@H]3CC[C@H]4CC(=O)C(/C[C@]4(C)[C@H]3CC[C@]12C)=C\O;
10028-15-6;O=[O]=O;
1825-21-4;COc1c(Cl)c(Cl)c(Cl)c(Cl)c1Cl;
76-01-7;ClC(Cl)C(Cl)(Cl)Cl;
82-68-8;[O-][N+](=O)c1c(Cl)c(Cl)c(Cl)c(Cl)c1Cl;
62-44-2;CCOc1ccc(NC(C)=O)cc1;
60-80-0;CN1N(C(=O)C=C1C)c2ccccc2;
09/10/3546;None;
50-06-6;CCC1(C(=O)NC(=O)NC1=O)c2ccccc2;
57-30-7;[Na+].CCC1(C(=O)NC(=O)[N-]C1=O)c2ccccc2;
77-09-8;Oc1ccc(cc1)C2(OC(=O)c3ccccc23)c4ccc(O)cc4;
63-92-3;[H+].[Cl-].CC(COc1ccccc1)N(CCCl)Cc2ccccc2;
50-33-9;CCCCC1C(=O)N(N(C1=O)c2ccccc2)c3ccccc3;
7227-91-0;CN(C)N=Nc1ccccc1;
615-28-1;[H+].[H+].[Cl-].[Cl-].Nc1ccccc1N;
156-51-4;NNCCc1ccccc1.O[S](O)(=O)=O;
122-60-1;C1OC1COc2ccccc2;
59-88-1;[H+].[Cl-].NNc1ccccc1;
132-27-4;[Na+].[O-]c1ccccc1c2ccccc2;
90-43-7;Oc1ccccc1c2ccccc2;
51-03-6;CCCCOCCOCCOCc1cc2OCOc2cc1CCC;
120-62-7;CCCCCCCC[S](=O)C(C)Cc1ccc2OCOc2c1;
1955-45-9;CC1(C)COC1=O;
67774-32-7;Brc1cc(Br)c(cc1Br)c2cc(Br)c(Br)cc2Br;
50-24-8;C[C@]12C[C@H](O)[C@H]3[C@@H](CCC4=CC(=O)C=C[C@]34C)[C@@H]1CC[C@]2(O)C(=O)CO;
125-33-7;CCC1(C(=O)NCNC1=O)c2ccccc2;
57-66-9;CCCN(CCC)[S](=O)(=O)c1ccc(cc1)C(O)=O;
671-16-9;CNNCc1ccc(cc1)C(=O)NC(C)C;
366-70-1;[H+].[Cl-].CNNCc1ccc(cc1)C(=O)NC(C)C;
57-83-0;CC(=O)[C@H]1CC[C@H]2[C@@H]3CCC4=CC(=O)CC[C@]4(C)[C@H]3CC[C@]12C;
1120-71-4;O=[S]1(=O)CCCO1;
57-57-8;O=C1CCO1;
75-56-9;CC1CO1;
13010-07-6;CCCN(N=O)C(/N)=N/[N+]([O-])=O;
816-57-9;CCCN(N=O)C(N)=O;
51-52-5;CCCC1=CC(=O)NC(=S)N1;
110-86-1;c1ccncc1;
58-14-0;CCc1nc(N)nc(N)c1c2ccc(Cl)cc2;
117-39-5;Oc1cc(O)c2C(=O)C(=C(Oc2c1)c3ccc(O)c(O)c3)O;
105-11-3;ONc1ccc(cc1)N=O;
50-55-5;CO[C@H]1[C@@H](C[C@@H]2CN3CCc4c([nH]c5cc(OC)ccc45)[C@H]3C[C@@H]2[C@@H]1C(=O)OC)OC(=O)c6cc(OC)c(OC)c(OC)c6;
128-44-9;[Na+].[O-][S]1(=NC(=O)c2ccccc12)=O;
94-59-7;C=CCc1ccc2OCOc2c1;
7446-34-6;S=[Se];
2318-18-5;C/C=C1/C[C@@H](C)[C@@](C)(O)C(=O)OC\C2=C\CN(C)CC[C@@H](OC1=O)C2=O;
533-31-3;Oc1ccc2OCOc2c1;
10588-01-9;[Na+].[Na+].[O-][Cr](=O)(=O)O[Cr]([O-])(=O)=O;
10048-13-2;COc1cc2O[C@H]3OC=C[C@H]3c2c4Oc5cccc(O)c5C(=O)c14;
18883-66-4;CN(N=O)C(=O)N[C@H]1[C@@H](O)O[C@H](CO)[C@@H](O)[C@@H]1O;
100-42-5;C=Cc1ccccc1;
96-09-3;C1OC1c2ccccc2;
108-30-5;O=C1CCC(=O)O1;
95-06-7;CCN(CC)C(=S)SCC(Cl)=C;
57-68-1;Cc1cc(C)nc(N[S](=O)(=O)c2ccc(N)cc2)n1;
723-46-6;Cc1onc(N[S](=O)(=O)c2ccc(N)cc2)c1;
1746-01-6;Clc1cc2Oc3cc(Cl)c(Cl)cc3Oc2cc1Cl;
630-20-6;ClCC(Cl)(Cl)Cl;
79-34-5;ClC(Cl)C(Cl)Cl;
127-18-4;ClC(Cl)=C(Cl)Cl;
961-11-5;CO[P](=O)(OC)OC(=C/Cl)/c1cc(Cl)c(Cl)cc1Cl;
16561-29-8;CCCCCCCCCCCCCC(=O)O[C@@H]1[C@@H](C)[C@@]2(O)[C@@H](C=C(CO)C[C@@]3(O)[C@H]2C=C(C)C3=O)[C@@H]4C(C)(C)[C@]14OC(C)=O;
109-99-9;C1CCOC1;
509-14-8;[O-][N+](=O)C([N+]([O-])=O)([N+]([O-])=O)[N+]([O-])=O;
62-55-5;CC(N)=S;
139-65-1;Nc1ccc(Sc2ccc(N)cc2)cc1;
52-24-4;S=[P](N1CC1)(N2CC2)N3CC3;
62-56-6;NC(N)=S;
13463-67-7;O=[Ti]=O;
108-88-3;Cc1ccccc1;
584-84-9;Cc1ccc(cc1N=C=O)N=C=O;
26471-62-5;Cc1ccc(cc1N=C=O)N=C=O;
88-19-7;Cc1ccccc1[S](N)(=O)=O;
638-03-9;[H+].[Cl-].Cc1cccc(N)c1;
95-53-4;Cc1ccccc1N;
636-21-5;[H+].[Cl-].Cc1ccccc1N;
540-23-8;[H+].[Cl-].Cc1ccc(N)cc1;
622-51-5;Cc1ccc(NC(N)=O)cc1;
8001-35-2;ClCC1(CCl)C(=C)C2(Cl)C(Cl)C(Cl)C1(Cl)C2(Cl)Cl;
68-76-8;O=C1C=C(N2CC2)C(=O)C(=C1N3CC3)N4CC4;
396-01-0;Nc1nc(N)c2nc(c3ccccc3)c(N)nc2n1;
75-25-2;BrC(Br)Br;
76-03-9;OC(=O)C(Cl)(Cl)Cl;
634-93-5;Nc1c(Cl)cc(Cl)cc1Cl;
79-00-5;ClCC(Cl)Cl;
79-01-6;ClC=C(Cl)Cl;
133-07-3;ClC(Cl)(Cl)SN1C(=O)c2ccccc2C1=O;
88-06-2;Oc1c(Cl)cc(Cl)cc1Cl;
96-18-4;ClCC(Cl)CCl;
102-71-6;OCCN(CCO)CCO;
42011-48-3;[O-][N+](=O)c1oc(cc1)c2csc(NC(=O)C(F)(F)F)n2;
1582-09-8;CCCN(CCC)c1c(cc(cc1[N+]([O-])=O)C(F)(F)F)[N+]([O-])=O;
137-17-7;Cc1cc(C)c(N)cc1C;
21436-97-5;[Cl-].Cc1cc(C)c([NH3+])cc1C;
95-63-6;Cc1ccc(C)c(C)c1;
512-56-1;CO[P](=O)(OC)OC;
2489-77-2;CNC(=S)N(C)C;
55-63-0;[O-][N+](=O)OCC(CO[N+]([O-])=O)O[N+]([O-])=O;
115-96-8;ClCCO[P](=O)(OCCCl)OCCCl;
126-72-7;BrCC(Br)CO[P](=O)(OCC(Br)CBr)OCC(Br)CBr;
78-42-2;CCCCC(CC)CO[P](=O)(OCC(CC)CCCC)OCC(CC)CCCC;
66-22-8;O=C1NC=CC(=O)N1;
66-75-1;ClCCN(CCCl)C1=CNC(=O)NC1=O;
51-79-6;CCOC(N)=O;
1314-62-1;O=[V](=O)O[V](=O)=O;
108-05-4;CC(=O)OC=C;
593-60-2;BrC=C;
15805-73-9;NC(=O)OC=C;
75-01-4;ClC=C;
100-40-3;C=CC1CCC=CC1;
75-35-4;ClC(Cl)=C;
21436-96-4;[H+].[Cl-].Cc1ccc(N)c(C)c1;
51786-53-9;[H+].[Cl-].Cc1ccc(C)c(N)c1;
17924-92-4;C[C@H]1CCCC(=O)CCC/C=C/c2cc(O)cc(O)c2C(=O)O1;
137-30-4;[Zn++].CN(C)C([S-])=S.CN(C)C([S-])=S;
12122-67-7;[Zn++].[S-]C(=S)NCCNC([S-])=S;
